Station_Raw,Year,Jan,Feb,Mar,Apr,May,Jun,July,Aug,Sep,Oct,Nov,Dec,Annual
Dhaka,1985,11.6,12.3,17.1,18.2,19.6,22.8,23.4,24.8,23.8,19.7,15.9,11.9,11.6
Dhaka,1986,10.6,12.8,16.1,18.3,20.7,22.7,23.9,25.1,21.4,20.6,15.3,11.7,10.6
Dhaka,1987,8.8,12.8,16.2,18.9,18.9,24.4,24.2,22.6,23.3,19.6,15.8,12.1,8.8
Dhaka,1988,9.6,11.7,16.9,18.9,21.7,22.7,25,24.9,24.4,20.9,15.6,13.1,9.6
Dhaka,1989,6.8,11.6,14.6,20.6,21.1,22.1,24.4,25.3,24.4,19.8,15.6,11,6.8
Dhaka,1990,10.7,15,15,15.5,20.9,23.5,25,24.7,24,20,15.7,13.2,10.7
Dhaka,1991,10,14.2,18.4,19,20,22.8,24.6,24.6,23.4,21.6,15.4,10.3,10
Dhaka,1992,9.7,13,17.8,20.2,19,23,24,24.3,23.6,19,15,9.7,9.7
Dhaka,1993,7.2,11.4,13.7,19,19.8,23.1,23,24.6,24.2,19.2,15.5,10.6,7.2
Dhaka,1994,9,11.5,14,18,20.5,23.2,25,24,23,20,15,9.9,9
Dhaka,1995,6.5,10.2,14.5,17.7,22.8,23.1,23.6,23.2,24.5,19.2,14.6,11.3,6.5
Dhaka,1996,9,11,15.4,19,21.5,21.5,24.5,24.2,24.5,20.6,13.6,11.1,9
Dhaka,1997,7.8,9,17.2,17,21.1,22.4,24.4,25,22.5,19,15.8,10.6,7.8
Dhaka,1998,7.8,10.6,13.5,17.7,20.8,24.7,24.8,24.6,24.9,21.5,16.2,11.4,7.8
Dhaka,1999,9.4,11.5,15.2,21.2,20.6,24.3,24.3,24.7,24.3,22,15.1,11,9.4
Dhaka,2000,10,13.2,15.4,18,19.5,23.8,24,23.6,23,19.3,16.8,13.4,10
Dhaka,2001,9.8,12.4,16.6,20.9,19.9,24,24,22.5,21.5,19.7,15.5,12.6,9.8
Dhaka,2002,11.2,11.5,15.8,16.6,19.4,22,22.8,23.3,22,18.3,17.5,11.7,11.2
Dhaka,2003,8.1,14.2,13.5,17.8,19.6,22.5,23.4,24.2,23.5,23,14,13.2,8.1
Dhaka,2004,10.4,10.4,16.3,18.5,20.2,22.4,21.5,24.8,22.7,21.5,15.8,11.5,10.4
Dhaka,2005,11.4,11.5,19,19.6,19.7,22.5,24,24.3,23.8,20.8,16,12.2,11.4
Dhaka,2006,10.4,15.4,16.3,20.2,20.4,22.3,24.6,22.7,23.8,21.8,13.3,12.6,10.4
Dhaka,2007,9.6,12.6,15,18.1,22.5,22,23.4,24.2,24.5,19.5,16.8,11.3,9.6
Dhaka,2008,10.5,10.8,16.5,19.6,20.3,22.5,24.6,23.6,24.4,18,16.3,13,10.5
Dhaka,2009,11.1,12.2,15.8,20.4,21.6,22.6,24.4,24.3,24.5,20.6,15.2,11.4,11.1
Dhaka,2010,9.6,12,18.4,20.8,21.3,23.2,25.3,25,24.8,21.5,16.6,11,9.6
Dhaka,2011,8.2,13,16,20.2,21.3,23.2,23.9,24.5,23.7,22,17.2,11,8.2
Dhaka,2012,9.6,12.2,18.3,19,20.5,23.2,25.2,24.4,24.9,20.3,14.8,9.6,9.6
Dhaka,2013,7.2,14,16.7,19.8,20,22,24.5,24.5,24.2,20.1,16,11.8,7.2
Dhaka,2014,10.3,11.6,16,18.9,21.1,23.2,24,24.3,24.2,19.5,15.4,12.3,10.3
Tangail,1988,7.8,10.7,15.4,19.4,21,22.8,24.5,24,23.6,21,15,12.5,7.8
Tangail,1989,6.5,9.2,13.5,17.6,20.5,22.6,24.1,24.8,23.5,20,14.8,9.4,6.5
Tangail,1990,8.2,11.5,13.7,14.2,20.5,22.5,24.5,24.3,24,18,13.5,10.6,8.2
Tangail,1991,7.4,11.4,15,15.8,20.4,22.6,25,24,23.5,21,13.5,8.5,7.4
Tangail,1992,9.4,11,14.4,19.3,18,20.5,24.5,23.5,22.5,19,14.2,10,9.4
Tangail,1993,7,9.5,13,16.6,19.7,21.8,23.5,25,23.6,20,15,11.3,7
Tangail,1994,9.2,11.4,12.4,18.2,20,23,24.8,23.2,23,19.5,14.8,9.6,9.2
Tangail,1995,5.5,9.8,13.4,18.6,22,22.7,23.5,22.5,24.4,20.2,13,11.3,5.5
Tangail,1996,8.5,9,14.4,16.4,21.4,21,24.4,24.2,23.8,20.6,13.2,11,8.5
Tangail,1997,7.4,8.2,15.5,17,21,21.6,23.8,24.5,22.4,18.4,14.8,9.5,7.4
Tangail,1998,7.2,9.8,12.4,17,20.6,23,24.5,25,24.5,20.2,15,11.2,7.2
Tangail,1999,8.8,10,14,20.4,20.5,24.2,24,23.2,24,22,14.8,11,8.8
Tangail,2000,7.5,10,13,19.2,19.6,23,25,24.4,23,18.5,15.7,10.6,7.5
Tangail,2001,5.8,9.3,12.8,19.5,20.5,22.8,25,25,24.2,22,14.6,10.4,5.8
Tangail,2002,8.7,8.7,13.6,17.3,20.2,23.5,24.5,23.5,23,18.2,15.8,10,8.7
Tangail,2003,5.2,12,11.2,18.2,20.5,22.2,23.5,24.4,24.1,22,12.2,10.5,5.2
Tangail,2004,7.9,8.8,14.1,19.5,21,22.5,23,24.4,21.8,19.4,15,7.9,7.9
Tangail,2005,8.5,9,16.6,19,19.2,23,24.9,24.2,24.2,20.2,14,10,8.5
Tangail,2006,8.2,13.8,14.4,19,20.5,23,25.3,22.8,23.9,20.4,11.4,10.5,8.2
Tangail,2007,6.7,11.5,12.8,18,21.5,21.2,23.5,24.2,24.4,19.2,15.6,8.8,6.7
Tangail,2008,7.8,7.8,15.5,19.2,20.8,22.4,24.5,24.6,24,17.6,13.5,11.8,7.8
Tangail,2009,8,10.5,13,20,20,21.8,21.2,23.2,24.5,18.5,12.9,8,8
Tangail,2010,7.9,9.6,15.2,20,21,22.8,25.2,25.2,24.5,20.2,15,9.5,7.9
Tangail,2011,5.5,10.4,11.6,19.4,20.2,23.5,24.2,24.2,24.8,19.4,13.9,9.8,5.5
Tangail,2012,7.6,8.1,13.8,18.8,19,23,25.2,25.4,24.7,19.5,12.2,8,7.6
Tangail,2013,5.1,11.2,13.2,19,20.1,21.6,24.5,24.5,24.2,19.4,13,10,5.1
Tangail,2014,7.5,10,13.8,18.1,20,22.5,24.5,24.2,23.4,18.5,13.2,9.2,7.5
Mymensingh,1985,9.6,12.6,16.6,18.1,13.1,22.1,23.5,25.1,23.6,17.6,14.1,10.2,9.6
Mymensingh,1986,9.8,11.1,13.6,15.8,20,23.7,24.2,24.3,21.4,20.1,15,11.6,9.8
Mymensingh,1987,8.3,12.6,15.5,19.5,18.9,19.1,24.1,23.2,24.6,19.8,15.7,9.8,8.3
Mymensingh,1988,8.6,11.3,16,19,20.6,23.3,24.3,24.3,23.5,19.9,15,12.4,8.6
Mymensingh,1989,7.7,10.1,13.5,17.4,19.9,22.1,23.4,24.9,23.8,18.5,14.5,8,7.7
Mymensingh,1990,7.4,11.5,12.5,15.4,20.6,21.2,23.8,24,21.7,16.8,12.2,10,7.4
Mymensingh,1991,5.8,9.4,12.7,16.5,15.2,21,23,22,21.4,17.8,13.5,9.2,5.8
Mymensingh,1992,9.5,10.8,14.3,18.8,17.7,21.6,24.2,23.4,22.7,18.9,14.5,9.5,9.5
Mymensingh,1993,8,11.2,12.5,17.7,19.6,22.1,23.7,24.4,21.5,20.3,15.7,11.4,8
Mymensingh,1994,8.5,10.5,10.4,19.1,19.6,22.2,24.8,24,23.2,19.4,14.2,9,8.5
Mymensingh,1995,5.8,11,13.8,19,21,23,23.2,23.9,24,18.6,14,11.4,5.8
Mymensingh,1996,8.3,10.4,14.2,17.2,20,21.8,24,24.5,24,20,13.5,11.2,8.3
Mymensingh,1997,7.3,9.4,16.2,16.4,20.6,22.6,24,25,20.8,18.3,13.3,10,7.3
Mymensingh,1998,8.4,10,13,17,19.2,22.4,24.6,25,23.2,21,15.1,10.6,8.4
Mymensingh,1999,8.5,10.7,15,16.8,20,23.3,24.1,23.6,24.8,21,14.8,10.8,8.5
Mymensingh,2000,8.2,10.6,13.7,18.5,20,23.3,24.7,23.8,22.5,18.4,15.4,11,8.2
Mymensingh,2001,5.4,10.8,13.7,19.6,20,23.8,25.2,24.9,23.5,22.3,13.9,9.8,5.4
Mymensingh,2002,8.7,10.2,14.6,17.1,17.6,22.6,23.6,24.6,23.6,18.2,15.8,9.7,8.7
Mymensingh,2003,5.4,12.4,12,19.3,20,22.6,25,25.8,23.5,22,13.4,11.3,5.4
Mymensingh,2004,7.6,8.3,15.5,19,21.4,23,22.8,23.8,23.5,18.5,14,7.6,7.6
Mymensingh,2005,9.3,10.7,17.7,19.3,20,22.5,25,23.9,23.4,19.8,14.6,9.8,9.3
Mymensingh,2006,10,14.3,14.8,18.8,21.2,22.2,25,24.9,23.5,20,11.6,10.9,10
Mymensingh,2007,6,12.4,13.6,17.6,21.5,22,23.8,24.6,24.4,18.8,15,9.7,6
Mymensingh,2008,8.8,8.8,16,19,20.5,22,23.6,24.6,23.5,18,13.8,12,8.8
Mymensingh,2009,7.8,12,13.5,19.5,19,23,24.5,20.8,24.4,19.9,13.5,7.8,7.8
Mymensingh,2010,9,10.8,15.7,20,20,21.2,25,24.6,24.5,19.2,13.5,9.8,9
Mymensingh,2011,8,12.2,14,20,20.2,21.7,24,24.6,24.5,20,14.5,9.4,8
Mymensingh,2012,8,9.4,14.5,18.2,20.6,20.6,25.5,25,24.5,17.8,12,9.5,8
Mymensingh,2013,4.7,10.4,15.2,18.4,18.8,24,25,24.7,23.8,20.7,11.8,8.8,4.7
Mymensingh,2014,9.4,10,13.7,19.5,21.2,23,24.4,24.3,23,18.5,13.7,9.8,9.4
Faridpur,1985,10,10,16.4,19,20.5,22.7,23,23.5,23.5,20,14,10.8,10
Faridpur,1986,9.5,10,13.9,18.5,17.5,24,23.5,22.8,22.1,20,16.2,12,9.5
Faridpur,1987,8.4,11.1,15.3,19,18.3,22.3,23,22.5,23.8,20.4,14.6,10.5,8.4
Faridpur,1988,10,11.5,16.2,20,19,20.8,24.8,22.4,20,20.5,14.2,13.6,10
Faridpur,1989,7.9,11.3,13.9,17,21.6,21.3,24,24.3,23.5,21,15.3,9.6,7.9
Faridpur,1990,9.2,12.2,15.4,15,20.5,22.4,23.5,24,14.6,18,13.6,11,9.2
Faridpur,1991,8.6,13,17.4,18,19.7,22,24.3,23.8,23.1,21.2,13,8.6,8.6
Faridpur,1992,8.6,11,15,18,19,21.8,22.4,22.8,21.8,18,14,8.9,8.6
Faridpur,1993,7.2,10.9,14,17.2,18.8,21.5,21.5,22.5,22,21,16,11.4,7.2
Faridpur,1994,9,11.2,14.6,17,19.8,23,24.5,22.5,24,21,15.5,9.5,9
Faridpur,1995,7.1,9,14.2,20.2,23,23.4,23,23.5,24,21.5,15,11.5,7.1
Faridpur,1996,8.5,12,15,17.2,20.4,22.2,24,23.2,23.5,21.2,14.6,10.5,8.5
Faridpur,1997,7.5,8.8,15.4,18.2,20.3,21.4,24.1,24.5,22.5,20,15.6,10,7.5
Faridpur,1998,6.5,10.8,13.6,17.4,20.8,23.8,24.2,23.3,24,22,17,12,6.5
Faridpur,1999,9.2,11.6,15,19.6,21,22.4,23.6,22.4,24,22.9,15.8,12.4,9.2
Faridpur,2000,8.1,11,14.1,19.6,18.6,24,24.2,23.8,23,19.5,17.1,12.6,8.1
Faridpur,2001,7.4,10.2,15,20.6,20.5,24,24.5,24.6,24.2,23.2,16.6,11.7,7.4
Faridpur,2002,10,10,15.1,17.6,18.8,23,23.6,25,23.6,18.2,17.4,10.4,10
Faridpur,2003,6.4,13,12.6,19.4,20.6,22.7,24.2,24,24.6,23.1,13.4,10.6,6.4
Faridpur,2004,9.1,9.5,14.2,20,21.2,22.4,23.9,25,23,21,15.5,10,9.1
Faridpur,2005,9.2,9.2,17.1,19.8,20.5,24.3,24.5,25,24.2,20.5,14.8,11.1,9.2
Faridpur,2006,7.8,13.3,15.5,21.1,21.3,23.3,25.2,23.2,23.8,21.6,12.6,10.9,7.8
Faridpur,2007,8.8,11.9,13,18,21.6,22,23.2,24.6,24.4,20.6,16.3,10.5,8.8
Faridpur,2008,8.2,8.2,16.5,20.1,20.6,22.4,24.7,24.7,24.4,18.2,15.2,11.2,8.2
Faridpur,2009,8.5,11.3,14.4,19.6,19,22.4,24.7,24.4,24,19.3,13.2,8.5,8.5
Faridpur,2010,9.3,10.4,16.8,21.4,21.6,22.5,24.8,24.7,23.2,21.2,15.9,9.6,9.3
Faridpur,2011,6.4,11.6,13.1,20,20.9,23.9,24.7,24.3,24.6,20.5,15.6,10.3,6.4
Faridpur,2012,8.8,9.8,15.9,17.6,19.5,22.8,25.6,24.8,24.8,19.5,12.5,8.8,8.8
Faridpur,2013,5.6,10.8,14.1,19.8,21,21.3,25.2,24.9,24,20,15.1,10.9,5.6
Faridpur,2014,8.2,9.7,14.5,19.1,21.6,23.1,25.2,24.6,24.8,19.5,13.4,11,8.2
Madaripur,1985,9.7,10.5,17.5,20.5,18.5,23.3,23,23.5,23.5,19.8,14,10,9.7
Madaripur,1986,9.5,10,13.5,11.5,19.5,23.5,23,24,22.5,21.3,15.4,11.5,9.5
Madaripur,1989,8,11,13.6,18,20,21.8,24,26,24.4,21.1,15.5,8.4,8
Madaripur,1990,8.4,8.4,14,14.4,15.1,21.2,22.5,24.7,24,17.6,14.4,11.2,8.4
Madaripur,1991,8.6,11.9,18,19,20.2,22.5,24.2,23.8,23.5,21,13.6,8.7,8.6
Madaripur,1992,8.6,10.7,15.2,20.6,19.7,23.8,23.8,23.7,23,19,14.6,8.6,8.6
Madaripur,1993,6.7,10,13.5,18.1,19,22,22,24.5,24,20.3,16.1,11.6,6.7
Madaripur,1994,8.6,11,13.8,17.4,20.4,22.5,24.8,24.5,24,21.5,15,9,8.6
Madaripur,1995,7.5,9.8,14,19.9,23.2,23.3,23.1,24.5,25,21.3,14.4,11.5,7.5
Madaripur,1996,9.8,10.5,16,19.9,21.4,22.4,23.4,24.2,24.6,21,14.5,11.4,9.8
Madaripur,1997,8,8.9,18,17.8,21,23.2,24.5,24.7,22.8,19.1,16.4,10.3,8
Madaripur,1998,7.7,10.5,13.8,17.8,20.4,22.5,24,25,24,22.6,16.8,12.6,7.7
Madaripur,1999,10.2,11.6,14.7,20.2,21.8,23.8,23.8,24.6,24.4,23.2,15.7,12,10.2
Madaripur,2000,8.5,10.8,14.6,19.2,18.9,24.2,24.7,24.5,24,19.6,16.3,11.9,8.5
Madaripur,2001,8.2,10.6,15.4,20.8,19.4,23.5,24.1,25.4,23.6,23,17.3,11.5,8.2
Madaripur,2002,10.2,10.2,15.6,17.8,21,23.4,22.8,24.6,24,18.4,16.6,12.2,10.2
Madaripur,2003,7.6,13.4,12.6,20,20.8,23,25.8,25.7,25.3,23,13.5,10.3,7.6
Madaripur,2004,9.8,10.2,14.7,20,21.4,23.2,25,25,23.8,21,16.4,9.8,9.8
Madaripur,2005,10.4,10.4,17.4,20.3,21.2,24.5,24.2,25.4,24.6,21.5,14.4,12,10.4
Madaripur,2006,9.3,14.3,14.7,20.6,21.8,24.4,25.3,23.8,24.4,22.1,13.4,11,9.3
Madaripur,2007,9.4,12.8,13,17.3,22.7,22.2,23.3,25.6,23.8,20.8,17.2,10.6,9.4
Madaripur,2008,9.3,9.3,16.8,19.6,21.5,22.8,24.6,24.8,25.1,18.8,15.8,11.6,9.3
Madaripur,2009,8.8,11.8,15.3,19.8,20.2,24.2,25,24.9,24.3,19.8,13.2,8.8,8.8
Madaripur,2010,9.1,10.6,17,20.6,21.3,23.1,25,25.8,24.3,20.8,15.8,9.3,9.1
Madaripur,2011,6.9,11.4,12,19.8,20.6,23.2,24.4,24.4,25,20,15.1,9.5,6.9
Madaripur,2012,8,9.3,15.8,19.2,19.5,22.6,25.3,24.9,24.3,19.6,12.2,8,8
Madaripur,2013,6,12.2,14.1,19.6,19.5,21,24,24.4,23.8,19.9,11.1,10,6
Madaripur,2014,8.4,9.8,14.1,17.8,21.1,21.8,24.8,24.5,23.8,18.8,12.8,9.8,8.4
Srimangal,1986,7.8,7.8,10,15.4,19.7,21.5,23.5,22.8,21.8,18.3,12.5,9,7.8
Srimangal,1987,6.8,9.5,11.5,17.8,19.2,23.4,24,23.5,23.5,18.2,13,8.2,6.8
Srimangal,1988,5.6,9,13.4,18.5,18.6,23.5,24.2,24.2,23.2,17.5,13,11.3,5.6
Srimangal,1989,4.6,8.4,10,18.2,20.2,22,23,24,24,18.6,12.3,5.8,4.6
Srimangal,1990,6.5,10.8,10.4,15,20.5,23,24.5,21.3,22.3,17.2,14,10.3,6.5
Srimangal,1991,6.2,9.8,13.2,16.2,19,22.2,24.2,23.5,23,17.8,10.5,6.6,6.2
Srimangal,1992,7.4,8.4,13.8,17.5,18.5,21.2,23.2,23,21,16.2,10.8,7.6,7.4
Srimangal,1993,5.6,8.3,11.3,14.2,19.3,18.9,22,24,23,18.2,14,8.8,5.6
Srimangal,1994,7,7.8,11,18.2,19.6,21.9,24,23.5,21.4,17.4,13.4,7.2,7
Srimangal,1995,4,7.8,10.2,16.2,20.6,22.2,22.6,23,22.6,18.2,13.2,9.6,4
Srimangal,1996,5.8,7.2,12.2,18,19.6,20.6,22.3,24.1,23.6,18.1,10.4,8.5,5.8
Srimangal,1997,5,5,6.4,12.4,13.5,18.8,20.1,23.5,20.8,16.6,13,9.4,5
Srimangal,1998,6.7,7.5,9.1,15.2,20.4,21.8,23.2,21.4,24,20.2,15,9,6.7
Srimangal,1999,6.7,6.7,10.8,18.7,20,20.4,24,24,23.2,20.6,12.5,7.8,6.7
Srimangal,2000,6.6,8.4,11.1,18.4,19,23.2,24,23,22.6,18.7,12.9,9.5,6.6
Srimangal,2001,5.2,8,11.6,17.8,19.6,22.5,23.7,23.5,22.8,20.5,12.7,9.3,5.2
Srimangal,2002,7.5,7.5,11.2,16.6,18.2,21.7,23.3,21.9,21.7,16.5,14,8.6,7.5
Srimangal,2003,5,9.4,8.4,19.1,19.8,21.5,24.6,24.5,23.7,20.8,12,9.4,5
Srimangal,2004,5.2,6.6,11.3,17.5,20,22.5,22.4,24.4,23.1,18,12.6,5.2,5.2
Srimangal,2005,6.5,7,13.8,17,19.3,21.2,23.6,23.8,23,20.1,11.4,7.5,6.5
Srimangal,2006,6.6,9.8,12.4,18.4,20.2,21.7,23.8,24,23.8,18.9,9,8.2,6.6
Srimangal,2007,4,9.5,10,16,21,22.8,23.2,23.8,23,15.7,14.7,8.4,4
Srimangal,2008,5.2,5.2,13,16.6,20.2,21.5,24.8,24,23.7,18,12,9.7,5.2
Srimangal,2009,6.9,7.4,9.4,17.6,20.5,22.6,24.1,23.6,23.7,17.3,11.3,6.9,6.9
Srimangal,2010,5,5.7,12,18.4,20.9,21.5,24.4,24,22.8,18,12.6,8.4,5
Srimangal,2011,5.5,8,9.4,16.3,19.7,22.6,24.4,23.7,24,18.2,12.2,7.7,5.5
Srimangal,2012,5.4,5.9,11.5,16.4,19.4,21,24.5,24.1,24.1,16,11.2,6.6,5.4
Srimangal,2013,4,8.8,11.5,16.6,18.7,23.3,24.3,23.9,23.1,17.3,10.3,6.5,4
Srimangal,2014,7.4,7.6,8.5,17.2,19.8,22,24.5,24.4,22.4,16.8,11,8.5,7.4
Sylhet,1985,10.3,11.1,18.3,16.7,18.3,21.7,23.3,23.8,21.7,18.6,15,11.9,10.3
Sylhet,1986,10.6,11.1,11.1,16.7,18.3,22.3,21.6,21.1,18.7,17.8,14.4,10.6,10.6
Sylhet,1988,9.5,13,15,17,19.5,22.5,23,23,22.5,18.9,16,13.4,9.5
Sylhet,1989,8,10.2,14,16.7,18.6,22.5,22.7,23.6,22.3,20,15.4,8,8
Sylhet,1990,8,14,12.2,16.2,20,22,22.5,23.7,22,19.6,18,13,8
Sylhet,1991,8,12.6,15.8,18.2,18.3,21,23.5,23,22,18.5,14.2,8,8
Sylhet,1992,8.8,10,14.2,14,18,20,19.3,22.5,20.5,19.3,14.2,11.5,8.8
Sylhet,1993,8.5,12.2,15.8,15.4,18,18,23.3,24.2,22.4,20,15.5,13,8.5
Sylhet,1994,10.3,11.2,13.4,17.3,20.2,21.2,23.8,24.6,23,20.4,15.5,12.1,10.3
Sylhet,1995,6.8,11.5,14.2,18.5,19,22.7,23.5,23.6,23.9,20.7,16.2,12.4,6.8
Sylhet,1996,9.8,11.4,16,17.5,18.8,19.5,23.3,23.9,23.2,20.5,14,13,9.8
Sylhet,1997,9,9,13,16,19.1,21,24,23.5,21.4,18.6,15.5,12.2,9
Sylhet,1998,9.2,11,13,18,20.2,21.3,23.2,24,23,21.5,18.5,12.5,9.2
Sylhet,1999,11.2,11.2,14.5,18,20,20,23.4,23.7,23,22.3,16.1,12.4,11.2
Sylhet,2000,9.7,11.4,13.7,18.4,19.8,22.4,24,22.3,22,16.5,15,13.5,9.7
Sylhet,2001,9.2,11.4,15.5,16.8,19,23.3,24.3,24.1,23,21.3,15.5,11.1,9.2
Sylhet,2002,10.2,11.3,15.6,16.9,19.9,21.8,21.6,24,22,19.4,17.3,11.6,10.2
Sylhet,2003,8.7,13.4,11.5,18.5,20.2,22.1,24,24.2,22.8,22,14.4,10.5,8.7
Sylhet,2004,8.8,8.8,14.8,17.5,21.2,22.6,23,24.3,23.4,19,16.6,9.2,8.8
Sylhet,2005,10.7,11.3,16.8,18.4,18.7,22.6,23.8,24.5,23.5,20.3,14.8,12.8,10.7
Sylhet,2006,11.5,15.5,17,16.4,20.5,20.7,25.2,23,23.2,20.4,13.4,11.7,11.5
Sylhet,2007,8.2,12.7,14.3,17.5,20.8,22.2,23.6,24,23.5,17.3,17,12.5,8.2
Sylhet,2008,9.8,9.8,15.2,18.8,20.6,21.5,24.5,22.9,23.2,19.3,15.5,13.9,9.8
Sylhet,2009,11.1,12.5,15,18.7,19.5,22,24,23.9,23.5,20,15.8,11.1,11.1
Sylhet,2010,10,11.6,17.4,17.5,19.4,21.7,24.7,24.5,23,20,16.5,12.4,10
Sylhet,2011,7.7,12.5,14.7,19.2,20.4,22.4,23.8,23.6,24,20,16.2,12,7.7
Sylhet,2012,9.5,10.7,16,17,19.3,21,24.8,24.7,23.8,20.2,16,10,9.5
Sylhet,2013,3.4,12.2,15.9,17.8,18,23.3,24.2,24.3,22.8,19,14,10.6,3.4
Sylhet,2014,9.6,12,13.5,18.6,19.9,23.6,24.1,23.2,23.2,18.4,15.5,12.2,9.6
Bogra,1985,9.5,11.5,16.7,19.2,19.2,22.2,24,25.2,22.5,19,13,10,9.5
Bogra,1986,9.5,10.5,14.5,17.5,19.5,24,23,22.4,20,18.5,15.5,11.7,9.5
Bogra,1987,9,11.6,15,18.7,18,23.8,23.5,23.5,22,19.2,15.3,10,9
Bogra,1988,8.3,10.5,14.5,18.6,20.8,23,24.5,24,21.8,20,13.8,12.6,8.3
Bogra,1989,6.2,8,12.5,16.6,21,21.6,22.8,24.4,22.7,19.4,14.9,8.2,6.2
Bogra,1990,7.2,10.7,13.4,15,20.2,22,24.6,23.8,23,15.7,12.2,9.8,7.2
Bogra,1991,6.7,11.6,14.4,17.8,19.8,22.4,23.8,24.1,23,19.8,13.1,9.3,6.7
Bogra,1992,9,10.5,14.6,17.4,17.3,20.5,23.8,24,22.4,18.9,14,10.6,9
Bogra,1993,8,9.8,14.5,17.6,19,22.6,23.4,22.5,22.4,19.3,15.6,11.8,8
Bogra,1994,9.7,11,12.2,18.4,20.2,22.3,25,23.3,23,20.2,14.9,10.4,9.7
Bogra,1995,6.5,10.5,13.8,19,22.5,23.4,23.5,24.6,23.5,20.2,13.1,11.6,6.5
Bogra,1996,8.3,11.8,16,17,21,21.2,24.5,24.6,23.4,20.8,13.3,10.6,8.3
Bogra,1997,8,8.8,15.8,17.5,21.2,22.2,24.2,25,21.4,18.5,14.6,9.2,8
Bogra,1998,7.5,10,12.8,17.8,22.2,23.2,24.5,25.2,23.5,20.8,15.5,11.4,7.5
Bogra,1999,8.6,10.5,15.2,20.5,21,24.7,24.4,23.8,24,22.4,15.8,12.2,8.6
Bogra,2000,8,10.7,14.3,19.4,20.5,24.6,25.2,25,22.4,19,17,12.4,8
Bogra,2001,7.3,9.5,14.2,20.7,20.5,23,25.3,24.8,24.5,21.2,15,11,7.3
Bogra,2002,9.2,9.2,14.5,17.8,20,23.2,24.7,25,23.8,18.5,16.4,10.5,9.2
Bogra,2003,5.3,12.7,12,19.8,20.7,22.5,24,25.5,24.5,22,12.6,10.7,5.3
Bogra,2004,8.4,9.3,14.2,19.8,21.4,22.5,23,24.5,22.4,19.3,15.2,8.4,8.4
Bogra,2005,8.5,10.3,17.2,19.4,19.6,23,24,24.4,24,20.5,14.7,10.6,8.5
Bogra,2006,9,14,15.5,18.5,21.4,22.8,25.4,23.4,23.7,20.3,11,11.2,9
Bogra,2007,7,11.5,13,18.4,21,21.2,24.5,24.6,24.2,21,16,9.3,7
Bogra,2008,7.6,7.6,15,18.9,20.7,22.8,25,24.8,23.7,18.8,14.4,11.6,7.6
Bogra,2009,8.5,10.5,13.6,20.4,20.5,22.4,25.2,23.9,24.6,18.8,12.9,8.5,8.5
Bogra,2010,8,9.6,15.3,20,21.6,23.5,26,25.5,23.7,20,15,10,8
Bogra,2011,5.8,10.8,13.5,19.5,20.3,24.4,24,24,25.2,18.6,14.7,9.4,5.8
Bogra,2012,8,9.3,15.6,19.2,20.6,22.5,24.9,25.2,24,19.2,12.7,8.9,8
Bogra,2013,4.5,4.5,11,15.5,20.2,23.4,25.2,25,23.4,20.8,14.4,9.6,4.5
Bogra,2014,8.7,10.6,14.8,18.8,19.5,23,25,25.5,23.6,19.8,14,10.2,8.7
Dinajpur,1985,6.7,9.4,14.2,19.5,18,21.5,23.5,25,23.5,18.3,12.5,10,6.7
Dinajpur,1986,8.8,9,11.5,16.8,19.3,22.7,23.8,23.8,19,17,14.8,10,8.8
Dinajpur,1987,8,9.8,13,15.5,18,22,23.2,22.5,22.8,18.4,14.2,10,8
Dinajpur,1988,8,11.6,13.5,17.5,19,23.5,24.5,22.6,22.5,19,9.6,11.4,8
Dinajpur,1989,5,8,12,17.5,19.2,22,23,23.8,22.3,18.4,12.8,6.5,5
Dinajpur,1990,7.2,8.8,9.6,14.6,20.8,22.4,23.8,23.8,23.3,15.3,12,9,7.2
Dinajpur,1991,6.6,10.7,10,16.6,19.8,20,24.8,23.6,23.1,18,12,9,6.6
Dinajpur,1992,6.5,8,12.5,17,16.5,20,23,23.4,21,16.4,13,7.8,6.5
Dinajpur,1993,5.5,7.7,12.5,15.7,19,22,24.8,23.5,23.5,18.6,13.6,10.2,5.5
Dinajpur,1994,8.5,10.2,11.2,18.2,20.3,22,24.4,25,20.9,18,12,8.5,8.5
Dinajpur,1995,4.2,7.5,12.4,18,20.8,23.4,22.8,23.4,20.7,18.4,11.5,10.2,4.2
Dinajpur,1996,7.5,9.8,15,14.3,19.5,21,23.5,24,22.5,19.8,11.8,9.8,7.5
Dinajpur,1997,6,7,12.5,16.3,19.3,22.4,24,24.8,22,16.8,13.8,8,6
Dinajpur,1998,6.3,8.5,12,15.8,21.4,24,24.4,24.4,23.8,19.4,14.2,10.2,6.3
Dinajpur,1999,7.6,8.2,13.5,18,20,23.2,24,24,21.2,20.5,13.4,10.2,7.6
Dinajpur,2000,7.2,9.6,13.4,17,20.8,23.7,24.3,24.4,22,18,13.3,9,7.2
Dinajpur,2001,5.7,7,12.4,19,20.8,21.5,25,24.8,24.4,20.4,13,8.5,5.7
Dinajpur,2002,9,9.5,13.5,16.8,20.4,23,24,24,22.2,16.8,15.4,9,9
Dinajpur,2003,5,11,10.5,18,20,22.4,23.3,25.2,23.3,20.2,11,9.5,5
Dinajpur,2004,6.2,6.2,13.8,18.5,20,22,23.4,25.3,23,18.2,13.3,6.6,6.2
Dinajpur,2005,7.5,8.4,16.4,17.5,19.5,20.3,23.8,24.8,24,19.5,13.2,9.2,7.5
Dinajpur,2006,8,11.8,13.5,18.6,20.3,22.2,24.5,25,22.7,18.3,10.5,10.2,8
Dinajpur,2007,6.4,11.5,13,19,19.6,21,24.5,25,23.3,19.7,14,9.5,6.4
Dinajpur,2008,7.2,7.2,14.5,17.3,20.5,22.5,24.3,23.7,23.7,18.2,13.5,11.2,7.2
Dinajpur,2009,7.8,9.5,12.8,18.8,20.6,21.8,24.5,24.5,24,17.5,11.4,8,7.8
Dinajpur,2010,7.7,9.3,14.6,19.5,21,22,24.5,24.5,24,19,13,8.3,7.7
Dinajpur,2011,5.6,9.8,12.3,17.3,20.5,23.3,24.2,24.6,24.8,16.5,13.6,8,5.6
Dinajpur,2012,6.6,7.5,12.6,17,19,23,25.5,25.2,24,17.4,11,7.5,6.6
Dinajpur,2013,3.2,10.6,15,17,20,22,25.3,24.5,22.8,19.2,12.2,9.5,3.2
Dinajpur,2014,7.6,8,12.2,16.5,20.5,22.8,24,23.9,22.5,18,12.3,8.5,7.6
Ishurdi,1985,7.5,8.3,13.9,19.4,19.4,23.9,22.9,23.3,23.9,18.3,11.7,7.5,7.5
Ishurdi,1986,7.5,9.1,12.3,17.2,19,23.5,22.5,23,20.5,17,13.5,10,7.5
Ishurdi,1987,6.5,6.5,8.4,11.5,18,16.9,22,23,22,25.6,22,11,6.5
Ishurdi,1989,5,7.2,11.4,15,20,24,22.8,24,23.2,18.2,13.4,6.6,5
Ishurdi,1990,5.3,9.5,13,13,18.5,23,24.6,24.2,21.3,16.4,10.8,8.7,5.3
Ishurdi,1991,6.2,10.3,13.4,17.3,19.2,21.5,25,24,24,20.4,11.5,8,6.2
Ishurdi,1992,7.4,9,13.3,17,18.8,23.6,23.8,23,22,16.2,12.8,7.4,7.4
Ishurdi,1993,4.4,7,11.2,17.4,19.8,22.5,24,24,23.5,18,14,10,4.4
Ishurdi,1994,7.8,9.4,11.8,17.4,20,22.3,25,24.2,20.8,18.2,13,7.8,7.8
Ishurdi,1995,4.3,8.2,11,18,21.7,22.4,23.4,23.8,24.2,18.5,10.8,9.4,4.3
Ishurdi,1996,5.8,8.4,13.6,14.5,20.6,21.5,24.8,23.6,23.4,20.2,12.2,8.8,5.8
Ishurdi,1997,4.8,7,16.2,17.5,20.4,21.4,23.6,4.8,23,19.4,14.5,8,4.8
Ishurdi,1998,5.5,8.8,11.8,16.5,19.8,25,24.5,25,24.4,20,14.8,10,5.5
Ishurdi,1999,6.5,8.6,13.8,20,20.6,24.4,24,24,23,21.6,13.8,10.8,6.5
Ishurdi,2000,6,9.3,12.4,19,20.6,23.2,24.8,23.8,22,18.8,15.4,11,6
Ishurdi,2001,5.5,9.3,12.6,19.4,20,23,25.5,24.5,23.4,21.6,14.5,9.5,5.5
Ishurdi,2002,8.2,8.4,13.6,17.8,19.5,23.5,23.4,24.5,24,16.5,15.2,8.5,8.2
Ishurdi,2003,4.2,12,10.2,18.2,20.5,23.2,24.5,25.6,24.5,22,11,8.8,4.2
Ishurdi,2004,7.2,7.4,12.8,19.6,20,22.5,22.4,24.7,21.6,19.6,14.5,7.5,7.2
Ishurdi,2005,7.8,8.6,15.4,17,19,23.6,24,25.2,23.5,20.5,13,9.4,7.8
Ishurdi,2006,7,12.8,13.4,18.6,20,22,25.2,24.6,24.5,19.6,10,9.4,7
Ishurdi,2007,5.5,11.4,11.5,18.2,21.2,22,23.8,24.4,24.4,19.8,14.2,7.3,5.5
Ishurdi,2008,6.2,6.2,15,18.2,21,22.6,24.6,25.2,24.2,18,13,10.2,6.2
Ishurdi,2009,6,9.8,11.6,19.4,21.5,22.2,25.2,24.8,24,17.5,11.6,6,6
Ishurdi,2010,6.3,8.5,15,20,21.4,23.5,25.6,24.6,23,18.5,13.5,7.4,6.3
Ishurdi,2011,4.6,9.5,10,19.5,21.2,23.6,24.5,24.2,25,17.5,13.8,7.5,4.6
Ishurdi,2012,6.5,7.5,13.5,18,19.4,22.8,25.2,25.5,24.5,16.5,11,7.8,6.5
Ishurdi,2013,3.9,9.2,11.5,19,21.5,23,24.6,25,24.5,18.4,12.4,8.5,3.9
Ishurdi,2014,6,8.8,13,19,19.5,22.8,25,24.4,24.4,17.5,11.4,7.2,6
Rajshahi,1985,8,8.5,13.2,19.5,19.3,22.4,23.6,24.8,23.5,17.8,11.5,8,8
Rajshahi,1986,7.6,8.5,13,16.5,19.5,22.2,24,23.5,21.5,17.8,14.5,9.6,7.6
Rajshahi,1987,7.2,9,14.4,18.5,18,22.4,23.3,23.5,21.2,17.2,11.8,9,7.2
Rajshahi,1988,7.4,9.3,13.4,17.2,20.7,22.4,24,23.3,22.4,19,12.5,11.6,7.4
Rajshahi,1989,4.6,7.2,10.2,14.9,19.8,22.6,22.7,23.7,19.4,19,13.5,6.2,4.6
Rajshahi,1990,6,9.5,11.9,13.8,19.3,21.6,24.2,23.5,22,14.5,9.5,6.6,6
Rajshahi,1991,5.2,10.2,13,17.2,19,22.2,24,23.2,23,18,10.5,7.5,5.2
Rajshahi,1992,7.2,8.5,12.6,17.5,18,22,23.9,23.2,21.7,15.8,13.4,7.8,7.2
Rajshahi,1993,5.2,7.2,11.4,17.2,19.8,22.2,24.3,25.2,23.5,18.8,13.8,10.5,5.2
Rajshahi,1994,8.6,9,11.6,17.5,20.4,22.4,24.5,24.5,21.2,19,13.3,9,8.6
Rajshahi,1995,4.7,8.4,11.5,17.1,21.8,22.8,24.2,24.3,23.2,19.4,10.5,9.8,4.7
Rajshahi,1996,6.3,8,13.4,15.2,20,21.2,24.8,23.6,23.3,19.7,11.8,8.6,6.3
Rajshahi,1997,6.4,7.3,15,17,21,23,24,24,23,18.6,14.8,8,6.4
Rajshahi,1998,6.4,9.2,11.4,17,20.3,25.7,25,25.4,23.2,19.6,14.8,10.4,6.4
Rajshahi,1999,7.4,7.5,12.7,20.3,20.5,24,20.7,24.2,23.8,21.8,14,11.5,7.4
Rajshahi,2000,5.8,8.8,13,18.9,20.5,24.2,25.3,24.5,23.2,19,16.2,10.2,5.8
Rajshahi,2001,6.4,8.5,11.8,19.5,20.2,23.2,25,24.4,24.5,21.4,14.4,10.3,6.4
Rajshahi,2002,8,8,12.6,17,19.5,23.8,23.4,24.1,24.2,16.2,14.3,9.2,8
Rajshahi,2003,3.4,11.4,10.6,20.4,20.2,22.7,24.6,25.1,23.6,22.2,11.8,9.5,3.4
Rajshahi,2004,7.7,8.6,12.5,19.5,21.4,23,23.5,24.5,21.5,19.5,14.2,7.7,7.7
Rajshahi,2005,7.5,8.9,15.2,18.9,19.2,24,24,25.4,23.4,19.6,12.1,9.2,7.5
Rajshahi,2006,6.5,12.8,13.7,18.5,19,22.5,25.2,24.5,24,20.5,10.4,9.4,6.5
Rajshahi,2007,6.2,10.6,11.9,18.5,20.9,20.8,23.4,24.5,24.1,19.6,14.5,7.3,6.2
Rajshahi,2008,6.7,6.7,14.4,17.8,20.3,22.6,24.8,25,24.5,17.9,12,10,6.7
Rajshahi,2009,6.1,9.5,12,18.8,21,23.4,24.8,24.7,24.4,16.7,11.5,6.1,6.1
Rajshahi,2010,6.5,8.5,14.2,20,21,22.7,25.6,25,22.6,18.8,13.6,7.2,6.5
Rajshahi,2011,4.8,9,9.8,19.2,21,23.9,24.5,24.3,25,15.8,13.3,6.5,4.8
Rajshahi,2012,6.4,7,13,18.5,20.7,23.4,25,25.5,24.8,17.5,10.9,7.5,6.4
Rajshahi,2013,4.4,10,12.5,17.6,21.8,22.4,25.4,25,24.2,18.2,12,9.2,4.4
Rajshahi,2014,7,9.2,13.4,19.5,19,23,25.8,24.8,24,18,11.3,7.6,7
Rangpur,1985,6.6,7.8,13.5,18.1,18.7,21.5,23.7,24,22.4,17.4,12,9.1,6.6
Rangpur,1986,8,8,10,15.7,17.4,22.2,23.4,21.8,19.2,17.3,15.2,10,8
Rangpur,1987,7.3,10.2,11.6,18.5,19,22.5,23.5,23.5,22.5,18.7,14.5,10,7.3
Rangpur,1988,7,11,12.6,16.8,20.8,23.8,23.7,24,22.8,19.5,14.4,11.5,7
Rangpur,1989,6,7.4,11.1,14.3,18.5,22.5,23.4,24.6,22.5,18.5,13.5,8,6
Rangpur,1990,7.5,8.4,9.7,15.2,20.8,21.5,24.7,21.5,20.3,16,12.2,9.4,7.5
Rangpur,1991,7,10.3,12.3,16,18,21.4,24.9,24.2,22.8,19.5,12.3,7.8,7
Rangpur,1992,7,8.8,12.8,16.4,18.7,21.5,24.2,23.5,21.5,18.1,14,8.8,7
Rangpur,1993,6.9,8.3,12.2,14.8,19.2,21.9,23.4,23.5,21.7,19.3,14.7,10.8,6.9
Rangpur,1994,7.9,9.5,11.3,17.5,19.6,21,24.3,24.5,21.4,18.4,13.4,8.5,7.9
Rangpur,1995,6.4,8.8,12,16,22.2,21.2,23.3,23.2,22.2,19.5,13,11.5,6.4
Rangpur,1996,8.2,11.5,13.4,16.3,20.4,21.7,24,24.2,22.6,20,12.6,11.2,8.2
Rangpur,1997,7.6,7.8,13,17,19.2,22,23.8,24.5,21.6,15.9,14.5,9,7.6
Rangpur,1998,7.5,8,11.2,16,20.5,22.1,25,24,23.2,20.5,14.5,11,7.5
Rangpur,1999,8,9.9,13.3,18,19.4,22.4,24.5,23.6,21.2,21.5,14.5,10.4,8
Rangpur,2000,6.7,9.4,13.5,17.5,19.4,22.8,24.4,24.3,22.4,18.5,14.4,9.8,6.7
Rangpur,2001,6.2,7.7,12.5,19.4,20.5,23,24.5,24,22.8,20.4,14,10.8,6.2
Rangpur,2002,9.4,9.4,14,16.5,19.9,21.5,23.6,23.9,22.8,17.9,16,10,9.4
Rangpur,2003,5.4,9.9,11.2,18.8,20,20.6,23.8,25,23.2,20.2,12.2,10.9,5.4
Rangpur,2004,7.6,8,14.6,18,20.5,23.2,23.2,25.5,23.5,18.8,14.5,8.2,7.6
Rangpur,2005,8.2,8.8,16.5,18,19.9,21,16.4,23.6,24,19.2,14.5,10.4,8.2
Rangpur,2006,9.8,13.7,14,18.7,20.2,21.7,24.3,24.6,23.2,19.2,11,11,9.8
Rangpur,2007,6.5,12,13.4,19,20.4,21.7,24.4,25,24,20.6,15,9.6,6.5
Rangpur,2008,8.4,8.4,15.5,16.7,20.5,21.6,23.9,23,23,18.8,15,12,8.4
Rangpur,2009,8.8,10.4,13.6,19.4,21,21,23.8,24.3,24,18.4,12.3,8.8,8.8
Rangpur,2010,9,9,14.4,18,21,22.2,24.1,24.2,23,19.8,14,9.2,9
Rangpur,2011,6,11.3,13.5,18.2,19.6,20.8,24.2,24,24.6,18.6,15.1,7.8,6
Rangpur,2012,6.5,8.5,12.7,15,18.6,22,24.8,25,22.5,18.8,12.2,8.5,6.5
Rangpur,2013,3.5,10.6,14.6,18,19.5,21.6,25,24.7,23.6,20.5,14.5,10.8,3.5
Rangpur,2014,8.6,8.6,13.2,16,19.8,24.5,25.2,24.4,22.5,19.8,13.8,8.7,8.6
Sayedpur,1991,7,9.5,11.8,16.6,20,20,22.5,23,22,19.2,12.4,8,7
Sayedpur,1992,7.5,8.5,12.8,18.5,18.2,21,23.2,23,21.5,17.8,13,7.5,7.5
Sayedpur,1993,5,6.5,11.2,15,17.5,22,24.2,24,22.6,18.8,14.6,11.2,5
Sayedpur,1994,8.3,10.3,13,15,21,23,24.8,25.5,22.4,18.8,13,9,8.3
Sayedpur,1995,6.2,9.8,11,18,23,23.2,23.8,23.5,21.5,20,12.5,11.2,6.2
Sayedpur,1996,8.8,11.5,16.2,15.2,20,21.4,24.3,25,23,20,12.7,11,8.8
Sayedpur,1997,6,8.2,13.2,18,20.5,22.4,24,24.6,21.7,17.4,14,8.2,6
Sayedpur,1998,7.8,8.6,11.6,16.2,21,22.8,25,24,23.8,21,14.6,10.4,7.8
Sayedpur,1999,7.6,9.6,13.4,18.2,19.5,22.4,24.4,23.6,20.8,21.2,14.2,9.8,7.6
Sayedpur,2000,6.2,9.4,13.8,17,20.4,22.8,24.8,24.4,22.4,18.2,13.4,9.8,6.2
Sayedpur,2001,5.5,7.4,12.4,18.8,19.8,21.6,23.8,24.2,23,20.2,13.4,9.4,5.5
Sayedpur,2002,8.8,9,13.8,15.4,20,21,23.6,23.5,22.4,17,15.5,9.2,8.8
Sayedpur,2003,5.4,11.5,10.9,18,19.8,21,23.2,25,23,19.8,12,10.4,5.4
Sayedpur,2004,6.8,8,14.8,18.2,19,22.5,22.8,25.2,22.9,18.2,14,7.6,6.8
Sayedpur,2005,7.8,9,14.6,18,19.5,20.6,23,23.8,24,19,13.8,9.3,7.8
Sayedpur,2006,8.4,13.8,13.8,18.4,20.1,21,24.4,24.2,22,18.4,9.8,10.8,8.4
Sayedpur,2007,6.5,10,13.2,18,20,20.4,24.4,24.8,23,19.3,14.2,9.4,6.5
Sayedpur,2008,7.9,7.9,15,16.4,19,21.4,23.2,23.6,23,18.5,14,11,7.9
Sayedpur,2009,7.9,10.2,13.3,19,19.9,18.8,24.4,24,24.8,17.9,11,8,7.9
Sayedpur,2010,8.2,9.6,15,17.8,21.2,21.5,22.5,24.5,23,19.5,13.4,8.2,8.2
Sayedpur,2011,5.7,11.2,13.2,17.2,20,23,24.4,23.4,24.7,17.4,14.2,7.2,5.7
Sayedpur,2012,6,8.2,12,17.2,18.4,23.4,25,25.2,22.6,18,11.2,8.4,6
Sayedpur,2013,3,10.6,15,17.8,19.4,21.6,25.1,24.7,23.2,18.8,13,9.4,3
Sayedpur,2014,7.8,8.1,13,17,20.2,24,25.4,23.8,22.4,18.8,12.8,7.8,7.8
Chuadanga,1989,6,9.8,10.7,17.2,22,24.3,24,24.5,24.4,20.2,13,7.6,6
Chuadanga,1990,6,10.5,14.2,13.5,21.4,24.1,25,25.4,22.4,18,11.8,9.5,6
Chuadanga,1991,6.5,12,15.5,18.5,21.5,23.5,25,23,24.5,20,12,8,6.5
Chuadanga,1992,7.7,10,14.5,19,19.5,24,23.1,20,22,17,13,7.7,7.7
Chuadanga,1993,5.8,8.5,12.6,18.5,20.4,22,24,25,23,19,13.5,10.7,5.8
Chuadanga,1994,7.5,9.6,12.4,18,20.5,22.5,25,24,21.2,19,14,8,7.5
Chuadanga,1995,5.4,8.5,12.6,17.8,24,23.4,24.3,24.6,24.6,19,12,10.7,5.4
Chuadanga,1996,6.4,7.5,13.8,17.5,21.5,23.5,24.7,24.2,24.7,20,12.9,8,6.4
Chuadanga,1997,6.7,7,16,17.5,20.8,23.2,24.5,24.2,23.4,18.5,15,8,6.7
Chuadanga,1998,5.4,10.1,11.6,18.6,20.8,25.1,24.9,25.3,24.2,19.5,15.5,9.4,5.4
Chuadanga,1999,6.9,9.3,13.8,19,21,21.8,23.8,23.7,23.7,21.8,13.8,11,6.9
Chuadanga,2000,5.8,10.2,13.4,19.6,21.3,23.6,23.4,25.4,22.8,19.1,16.4,9.9,5.8
Chuadanga,2001,6,10,13.3,20.2,19.6,23.7,24.8,25.5,24.4,21.7,15.1,10,6
Chuadanga,2002,8.3,9.2,13.5,17,19.5,21.6,24.3,25,24.5,16.6,15.2,8.5,8.3
Chuadanga,2003,4.3,13,10.7,19.7,20.8,23.4,24.7,25.5,24.5,22,12.3,8.8,4.3
Chuadanga,2004,7.2,8,13,20.3,20.7,22.7,24.2,24.6,22.2,20,15,7.8,7.2
Chuadanga,2005,8.5,8.5,15.6,18.4,20.2,22.5,24.5,24,24.3,20,12.9,8.7,8.5
Chuadanga,2006,6.3,12.5,13,19.4,21.4,23,25.2,24.8,23.3,20.5,11.4,9,6.3
Chuadanga,2007,7.2,11.8,11.5,18.6,21,22,23.8,24.4,24.2,19.4,14.7,8.2,7.2
Chuadanga,2008,6.9,6.9,14.7,18.2,21,23.3,24.4,25,24,18,13.6,10,6.9
Chuadanga,2009,6.2,10.2,12.5,19.5,20.5,22,24.3,24.3,24,16.9,11,6.2,6.2
Chuadanga,2010,5.8,8.8,15.5,21.3,21.2,23,25.3,25.4,23.1,18.2,13,6.5,5.8
Chuadanga,2011,5.1,9.1,9.5,20,20.8,23.5,24.2,24.2,24.5,17,13,6.7,5.1
Chuadanga,2012,6.8,7.9,12.8,19.7,20.7,23.5,25.5,24.6,24,16.5,10.4,6.8,6.8
Chuadanga,2013,3.9,8.4,12,18.5,20.8,22.3,24.7,24.5,24.2,18.3,12.4,8.6,3.9
Chuadanga,2014,6.1,8.3,13.1,18.5,20.2,22.6,25.8,24.3,23.8,17.8,10.4,7.5,6.1
Jessore,1985,10,10,15.5,21,19.2,23,22.7,23.9,22.5,18.8,12.6,10.6,10
Jessore,1986,10,10.9,13,17.5,19.9,21.6,21.5,21.2,21,18,15,10,10
Jessore,1987,8.2,12.4,15.6,19.5,18.6,23.4,24,22.5,23.8,18.3,12.2,10,8.2
Jessore,1988,7.2,9.8,15.6,19.8,22,22.5,24.3,24,23.8,18.6,12.2,11.5,7.2
Jessore,1989,5.9,9.3,12.5,15.8,22,22.8,24.4,24.2,23.5,19.7,14,7.6,5.9
Jessore,1990,7.4,12,14.4,14.7,21.2,22.5,24.7,24.4,23,16.4,12,8.5,7.4
Jessore,1991,7.2,11.8,16.5,18.8,20.6,22.2,23,23.6,24.2,19,10,8.5,7.2
Jessore,1992,8,10.2,15.1,18.5,19.4,22,23.5,24,22.3,16.8,13.4,8,8
Jessore,1993,6.4,9.4,13.5,19.3,20,22.8,23.6,24.6,22.5,18,13.6,10,6.4
Jessore,1994,7.5,10,13.2,17.7,20.5,22.6,25,23.5,21,19,13.6,8.4,7.5
Jessore,1995,6,9.2,13.5,19.5,24,23.5,23.7,25,23.5,18.6,11,9.5,6
Jessore,1996,7.8,8.5,14.5,15.4,21.4,22,24.2,23,23,20.1,12.6,8.8,7.8
Jessore,1997,7,8.4,17,18.4,20.2,21,24.4,24.6,23.5,18.3,15.4,8.1,7
Jessore,1998,6.2,10.4,13.2,17,22.8,24.8,25,25.5,23,20,15.2,10,6.2
Jessore,1999,8.6,9.6,14.4,19.8,21.2,24.8,23.8,23.6,24,20.8,13.4,11,8.6
Jessore,2000,6.4,10.4,13.4,19.6,21.2,23,24.2,23.8,23,19,15.8,9.5,6.4
Jessore,2001,5.8,7.4,15,20,20.5,24,24.6,25.2,23.8,21.2,15.2,8.8,5.8
Jessore,2002,8.8,9.2,15,17.4,20,22.6,24.8,24.8,24,15.8,14.7,9.2,8.8
Jessore,2003,5,12.2,11.3,19.8,21,22.6,24.4,24.4,24.3,22.3,12.4,9.4,5
Jessore,2004,5.4,5.4,13.6,19.6,21.6,22,22.7,24.6,23.4,19.8,14.3,8.4,5.4
Jessore,2005,8.8,9,16.5,19,19.6,23.5,23.5,24,23.7,20.2,13,9.8,8.8
Jessore,2006,6.2,12.3,14,20.8,20,24.2,24.8,23,24.4,20,11.2,8.8,6.2
Jessore,2007,7,12.2,12.2,19.4,23.2,22.6,24,24.7,24.8,19,14.8,7.2,7
Jessore,2008,7.6,7.6,15.6,18.7,21.8,23,25,24.8,22.2,17.6,13.6,10.2,7.6
Jessore,2009,6,11,13.2,19.2,21.2,23.4,24.6,24.2,23.6,16.8,11.2,6,6
Jessore,2010,6.7,10,17.2,20.6,22,25,24.8,24.8,24,18.8,13.6,7,6.7
Jessore,2011,4.5,10.4,10.8,20.4,20.8,24.2,24.2,24.2,24.2,17.4,12.7,6,4.5
Jessore,2012,6.2,7.4,14.4,19.2,21.2,23,25.6,24.6,24.4,17,10.6,7,6.2
Jessore,2013,4.2,9.3,12.6,19,21.8,20.6,24.2,25.2,24.8,18.8,13,9.4,4.2
Jessore,2014,6.8,9.1,14,21,20.4,22.2,25,24.4,24.4,18.2,11.2,9,6.8
Khulna,1985,8.3,10.3,15.7,19.5,18.8,22.4,23.2,24.8,24.8,19.5,13,8.3,8.3
Khulna,1986,8,9.4,14.3,19,19.7,21.5,23.5,22.8,21.8,19.9,16.4,9.6,8
Khulna,1987,8.3,11.6,14.3,18.5,18.4,23.7,23.6,21.6,23.4,19.3,13.8,10.9,8.3
Khulna,1988,7.5,10.8,16.3,19.6,20.2,22.5,24.5,25,25,20.8,13.9,12.6,7.5
Khulna,1989,7.4,9,14,19.6,21.4,23.4,24.7,24.5,24,21.8,15.6,8,7.4
Khulna,1990,7.7,13.1,13.5,15.8,21.5,22.4,24.6,24.8,24.2,18.4,13.8,10.2,7.7
Khulna,1991,8.4,13.5,18.6,19.2,20.8,23,25,24,24,21.2,13,9,8.4
Khulna,1992,7.4,10.6,16.2,20.2,19.4,22.2,22.2,23.3,22.2,19.6,15.5,8.8,7.4
Khulna,1993,7,10.4,12.8,19.5,20.2,23,24,24.8,23.8,19.4,14.8,11.5,7
Khulna,1994,8.6,9.8,13.3,16,20.4,23.2,25,23,24,22,15.4,10.2,8.6
Khulna,1995,7.3,9.2,13.8,20.6,23.6,23.2,23.4,24,22.6,19,13.2,11.9,7.3
Khulna,1996,8,9,16,18.4,21.4,22,24,22.3,24.2,20.8,13.4,9.3,8
Khulna,1997,7.2,9.4,13.4,17.8,19.6,20.8,24,24.2,22.3,19.8,16.2,9.2,7.2
Khulna,1998,6.8,12,15.2,18.4,21,25.3,24.4,24.4,23.6,22.6,16.8,11.8,6.8
Khulna,1999,9.5,10.8,14.6,18.5,21,24,23.5,23.2,24.2,22.3,15.2,11.6,9.5
Khulna,2000,7.4,10.4,14.2,19.2,20.4,22.6,23.6,23.4,21.5,19.5,16.8,11.8,7.4
Khulna,2001,7.9,11.2,15.6,21,19.5,24.2,24.2,25.4,24.4,23.5,17.2,11.7,7.9
Khulna,2002,10.1,10.4,16.4,18,19.8,22.4,24.5,24.5,24.2,19.2,17.2,10.7,10.1
Khulna,2003,6.4,13.7,12.8,21.2,20.9,22.5,24.7,25.7,25.4,23,14.1,11.2,6.4
Khulna,2004,9.6,10.4,15.5,20,22,21.2,24.2,24.4,24.2,20.5,16.7,10.2,9.6
Khulna,2005,10.2,10.2,17.8,19,20.5,24.7,24,25,24,21.5,14.8,11.8,10.2
Khulna,2006,9.2,13.2,14.6,21.5,21.4,23.2,25,22.2,23.6,20,14,12,9.2
Khulna,2007,10,13.9,15,19,22.5,22.5,24.5,25,24,21,16.8,11,10
Khulna,2008,10.3,10.3,17.4,20,21.4,23.3,25,24,24.4,18.3,16.5,12.8,10.3
Khulna,2009,9.8,13.4,16.2,20.4,21.6,24,24.8,24.3,24,19,14.4,9.8,9.8
Khulna,2010,9.5,12,18.6,21,21.8,23.6,25,25.1,24.8,21.5,16.4,10.5,9.5
Khulna,2011,8,12.3,12.5,20.6,21.3,24,24,24.2,24.5,19.5,15.5,10,8
Khulna,2012,9.5,10.5,17.5,19,20.4,24.4,25,25.2,24.5,19.5,13.4,9.5,9.5
Khulna,2013,7,12.2,15,19.4,21.4,21.2,25.2,24.8,23.5,21,15.5,11.6,7
Khulna,2014,10,11,15.7,22.4,20.6,21.6,25.4,24.6,22.6,20.1,14.1,11,10
Mongla,1989,9.8,13,17.6,21.3,22.9,24.1,25,24.6,23.6,21.6,17.2,10.9,9.8
Mongla,1990,9.9,16,16.6,18.3,22.3,23.8,24,21.7,23.8,19.8,15.6,12.9,9.9
Mongla,1991,11.4,15.4,19.4,21.2,23,23.6,25,23.4,24.5,20.5,14.3,11.4,11.4
Mongla,1992,10.5,14,18.5,20.7,19.7,24,23.5,23.5,24,20.8,17.5,12.7,10.5
Mongla,1993,10.2,12.6,17.3,20,21,23.5,23.8,24.8,24,21,17,13.6,10.2
Mongla,1994,11.5,12.5,17,19,20,23.4,23,24.5,24.5,22.2,17,13,11.5
Mongla,1995,10.5,12.6,18,21.8,24.5,23.5,24.5,24.4,23.5,21.8,15.5,13.8,10.5
Mongla,1996,11,11.5,18,20.4,22.4,22.2,23.5,23.5,23.7,21.8,15.6,13.2,11
Mongla,1997,10.5,13,17.8,18,21,21.2,24.5,24,22.8,20.5,17.5,11.5,10.5
Mongla,1998,9,14.2,16,19.5,22,25.4,25.4,25,24,23.2,18.5,13.3,9
Mongla,1999,11,13.4,16,21.2,22.2,23,24.2,23.6,24,22.8,16.5,14.2,11
Mongla,2000,10.5,14,17.6,20.6,21.4,23,24.6,25,23.4,20,17.2,13.2,10.5
Mongla,2001,10,13.6,17.4,22.5,21,24.5,24.8,26,24,24,19,13,10
Mongla,2002,11.2,12.5,18,19.5,21.2,22.5,24,24.6,24.5,19,18,11.2,11.2
Mongla,2003,8.5,14.6,15,22.5,21.5,24,25,25,25.3,24,15,12.2,8.5
Mongla,2004,10,10.2,16.6,20,23.5,21.6,23.5,25,24.5,22.3,17.8,11.5,10
Mongla,2005,11.4,11.4,19.5,19.2,18.5,23.8,24.2,25,24.4,23,15.8,12.2,11.4
Mongla,2006,9.4,14.4,17.5,22.5,21.5,24.5,24.8,23.6,23.6,22.2,15.4,13.2,9.4
Mongla,2007,10,14.4,15.6,20,22.5,23,23.5,25.4,24.2,20.5,17.5,13.4,10
Mongla,2008,11,11,17,19.8,22.5,22,24.5,23.3,24.2,19.8,16.5,13,11
Mongla,2009,10.6,14.2,17.2,21.2,21.6,24.5,25,24.8,24.7,19.8,15,10.6,10.6
Mongla,2010,9.8,12.8,20,20.8,22,24.4,25,25.2,24.5,21.4,16.8,11.5,9.8
Mongla,2011,8.5,13,13.8,19.5,22,24.5,24,24.3,24.6,19.5,16.7,11.4,8.5
Mongla,2012,9.3,11.3,18,20.8,21,24.8,25.7,24.3,24.5,20.5,13.8,9.3,9.3
Mongla,2013,7.2,13.4,15.7,20.5,20.4,21.6,24.7,24.8,23,20.2,16.2,12.3,7.2
Mongla,2014,9.6,12.3,16.5,22.6,22,22.7,24,25,25.5,20.4,14.7,12,9.6
Satkhira,1985,6.7,6.7,16.4,19.4,16.7,24.4,23.4,24.2,24.2,18.4,11.9,9.9,6.7
Satkhira,1986,8.8,10.2,13.9,19.4,20.3,22.8,23.4,24.4,22.4,18.3,15.3,10.1,8.8
Satkhira,1987,8.4,12.3,15.1,20.4,18.3,22.3,23.9,22.8,22.8,18.3,12.4,10.6,8.4
Satkhira,1988,8.9,10.5,16.2,20,21.8,22.4,20.7,20.2,21.7,19.4,12.8,12.5,8.9
Satkhira,1989,7.3,11.1,14.7,20.6,21.1,23.8,25,20,23.7,20.6,14.9,7.9,7.3
Satkhira,1990,8.2,14.5,15.2,15.6,21.2,23.4,25.1,25,23.7,16.9,13.4,9,8.2
Satkhira,1991,8.5,12.6,19.1,19.4,21.9,23.3,24.4,24.2,24.9,19.8,12.3,8.6,8.5
Satkhira,1992,7.1,11.8,16.4,21.1,20.3,22.3,23.4,23.9,22.6,18.4,14.3,9.1,7.1
Satkhira,1993,7.9,10.4,13.6,19,20.7,22.8,23.3,24,23.5,19,13.4,11,7.9
Satkhira,1994,8.4,11.4,14.7,18.9,21.2,22.4,24.5,24.5,22.2,19.4,14.5,8.9,8.4
Satkhira,1995,7.2,11.4,15.4,20.6,23.6,23,24.5,24.1,23.3,18.5,11.8,10.8,7.2
Satkhira,1996,8.5,9.2,14.6,18.8,20.5,21.6,23.5,23,23.5,20.4,12.6,8.5,8.5
Satkhira,1997,7.3,9,16.5,16.1,19.5,23.5,18.5,23.8,22.6,18,14.5,8.1,7.3
Satkhira,1998,7,11.4,14.2,17.6,21.5,25.4,24.1,24.8,23.1,20,14.7,9.2,7
Satkhira,1999,8.3,10.1,13.4,18.8,20,22.5,22.4,21.7,22.8,19.5,12,9,8.3
Satkhira,2000,5.5,10,12.8,17,19,23.5,24,24.4,22.6,19.6,16,10.5,5.5
Satkhira,2001,7.3,10.5,13.8,20.3,19.5,24.3,25,25.5,24.1,22.1,16.7,10.3,7.3
Satkhira,2002,8.2,10.1,15.2,18.5,20.1,23,23.6,25,24.5,17,15.8,9.7,8.2
Satkhira,2003,6.7,13.1,12.6,22.5,20.5,24.3,24.7,25.5,25.1,23.2,12.7,10,6.7
Satkhira,2004,7.7,9.6,14.6,20,23,21.5,23.6,24.6,23.4,20.6,16,9,7.7
Satkhira,2005,9.8,9.8,17.4,19.7,19.6,23,24.2,25.3,24,21.5,13.4,10.3,9.8
Satkhira,2006,7.6,13.2,15,20.6,21.7,24.6,25,23.5,23.8,21.5,13.5,9,7.6
Satkhira,2007,9,13.4,14,19.2,23.1,23.8,24,25.2,24,20.4,16,9.9,9
Satkhira,2008,9.3,9.3,15.6,18.7,21.2,21.8,24.3,22.9,24,18,14,10,9.3
Satkhira,2009,8,11.6,14.8,19,21.5,23.2,24.4,23.7,23.6,17.3,13,8,8
Satkhira,2010,8.6,11.4,18.6,21,20.6,23,24.5,25.6,24.2,20,14.6,8.6,8.6
Satkhira,2011,7.4,11.6,12.1,18,20.8,24,24.2,24.3,25,18.6,15.5,10,7.4
Satkhira,2012,7.8,9.6,16.4,19.4,20.5,23.7,24.6,25,24.6,18.4,12.2,7.8,7.8
Satkhira,2013,6.6,11.3,14,20.4,21.6,22.4,24.6,25,23.8,20,15,11,6.6
Satkhira,2014,9.5,10.7,15,22,21,22.3,25.5,24.5,23.6,20,11.5,9.8,9.5
Barisal,1985,9.7,9.8,16.8,18.2,19.5,23,24,24.5,23,18.4,13.4,10.4,9.7
Barisal,1986,9,10.6,15,19,20,22.8,23.4,23,21.2,20,15,10.5,9
Barisal,1987,8.5,11.4,15,20,18.5,24,23,22,24,19,14.5,10.8,8.5
Barisal,1988,8.5,10.4,16.8,20,22,20,24.4,24.4,23.8,20.4,14.4,12,8.5
Barisal,1989,7.7,10.5,12.6,19,21,22.4,24,23.8,22.6,20.8,14.6,8.2,7.7
Barisal,1990,8,15,14.5,16,20.5,22,24.5,24,24,16,14.5,11.2,8
Barisal,1991,8.5,13,18,18.6,20.5,22.4,24.2,21.5,23.5,20.6,13,8.5,8.5
Barisal,1992,8.6,11.2,16.5,22.4,19.2,22.8,22.4,23.6,23.6,18.6,15,10,8.6
Barisal,1993,7,11,13.8,18.6,19.4,22.8,20,23.6,22.4,19.4,15.5,11,7
Barisal,1994,9,11,14.4,17.4,19.5,22.4,24.2,24,24,20.8,15,9,9
Barisal,1995,7.1,10,14,20.5,24,22.8,23.4,24,23.6,19.6,13.8,11.8,7.1
Barisal,1996,8.5,9,16.5,18.6,20.8,22,22.6,23.3,22.5,21,13.5,9.8,8.5
Barisal,1997,7.5,9,15.6,18,20,22.5,23.3,24,22,18.5,15.6,10,7.5
Barisal,1998,7,10.4,13,17,19.5,23,23.4,20,22.6,22.2,16.5,11,7
Barisal,1999,9.6,10.2,13.6,18,21.4,22,23.6,23.6,23.5,22.3,14.6,11,9.6
Barisal,2000,8.3,9,14,18.5,19.5,21.6,24,23.5,21.5,19.2,15.5,11,8.3
Barisal,2001,7.4,10.5,13.4,20,18.4,23.4,23.2,24.5,23.4,22.5,16.5,10,7.4
Barisal,2002,9.2,9.2,14.8,18.4,19.6,22.5,24,25,24.5,18.6,16.8,10.6,9.2
Barisal,2003,7.3,12.8,12.7,20.6,21.4,22.5,25.4,25.4,24.6,22.8,13.2,10.6,7.3
Barisal,2004,8.8,9.6,14.8,20,22,22.5,24.5,24.6,24,20.6,15.6,8.8,8.8
Barisal,2005,9.6,9.8,18.5,20.4,21,24.6,24,24.1,24.5,22.4,14.3,11,9.6
Barisal,2006,9,13.3,14.8,21,21,24,24.8,24.5,24.4,21.3,13.5,10.8,9
Barisal,2007,9,12.6,13.5,18,23,23,23,25.4,23.8,18.7,17.5,10.6,9
Barisal,2008,9,9,15.5,19.5,22.5,23,24.8,24.5,24.2,19,15,11,9
Barisal,2009,8.5,11.6,16.1,19,20.8,23.2,24.8,24,24,19.6,13.5,8.5,8.5
Barisal,2010,8.8,10.8,17.8,21,22,23.5,25.1,25.2,24.5,21.2,16.3,9.2,8.8
Barisal,2011,7,11,11.5,20,22,23.5,24.5,24,24.5,20,15,9.8,7
Barisal,2012,8.5,9.5,16.8,20,20.5,24.2,25.6,24,24.5,18.8,13,8.5,8.5
Barisal,2013,6.5,12,14,19,20.5,23.5,25,24.8,24.4,20.2,15.1,10.4,6.5
Barisal,2014,8.5,10.2,15,20.6,20.9,23.4,24.5,25,24.5,18.8,13.5,10.7,8.5
Bhola,1985,10.5,10.8,18.7,21,18.8,23.5,24.4,24.5,23.6,18.4,13.6,11.2,10.5
Bhola,1986,10.2,11.4,15.4,19.5,20.5,24.6,23.8,23,21.8,20.8,16.6,11.8,10.2
Bhola,1987,9.7,12.4,16,20,19,24,23,22.3,19,19.4,15,11.5,9.7
Bhola,1988,9,11,16.8,20,22.4,22,24,25,23.5,20.6,15,12.2,9
Bhola,1989,8,11.2,13.5,20.2,23.2,23.2,24,25,24.4,21.3,15.2,9,8
Bhola,1990,9,15.5,14.5,16.2,21,24,25,25,24.6,17.5,15,12.2,9
Bhola,1991,9,13,19.5,20,21.2,23.5,24,23.5,24,20.6,13,9.8,9
Bhola,1992,9,12,18.2,24,19,22.8,24,24.4,24,19,16,10.6,9
Bhola,1993,7.8,11.6,14.5,18.5,19.7,23.2,23.5,24.6,24.2,20.4,16.1,12.5,7.8
Bhola,1994,9.6,11.5,15,18.2,20.2,22.6,24.6,23.6,24.2,21,15.6,9.6,9.6
Bhola,1995,6.5,10.4,15,21,23.4,24,6.5,24.5,24.5,21,14.6,12.4,6.5
Bhola,1996,9.5,9.9,17,20.2,21.6,22,23.5,24,22.5,21,14.6,11.5,9.5
Bhola,1997,8.3,9.5,16.5,19,20.8,21.5,24,23.6,23,19.5,15.5,11.2,8.3
Bhola,1998,8.8,11,15,18.4,20.2,24.4,23.6,24.8,24.2,23,16.6,11.6,8.8
Bhola,1999,10.4,11.2,15.4,19.5,21.6,22.7,23.8,24,23.8,22.4,15,12.4,10.4
Bhola,2000,9,11,15.5,20.2,19.1,22.6,24,23.6,24,19.4,15.8,12,9
Bhola,2001,8.4,11,15.5,20.5,21,24.4,24.3,24.8,24,22.8,17,12,8.4
Bhola,2002,9.8,9.8,16.5,18.5,21,23.2,23.6,24,23.5,19.4,17.3,11.4,9.8
Bhola,2003,7.8,13.5,13.2,20.6,21.2,22.5,24,24.5,24.5,23.5,13.2,11,7.8
Bhola,2004,9.6,9.6,15.4,20.4,22,22.5,24.4,24.5,23.2,21.3,15.4,10.4,9.6
Bhola,2005,9.5,10,17.8,20.4,21.4,23.2,23.7,23.6,24,23.2,15,11.2,9.5
Bhola,2006,9.6,13.5,15.6,21,21.5,24.5,25,23.6,24,22,14.5,12,9.6
Bhola,2007,9.3,13.4,14.3,18.8,22.5,23.8,23.8,25.3,24.8,19.3,17.4,11,9.3
Bhola,2008,9.6,9.6,16,19.5,22.5,23,24.8,25,24.5,19,15.6,12.2,9.6
Bhola,2009,9.6,12.5,16.8,17.5,21.2,23.2,25,24.2,24,20.4,14.2,9.6,9.6
Bhola,2010,9.4,11.2,17.8,21.8,22.2,22.6,25.4,24.5,24.3,22,17,10,9.4
Bhola,2011,7.7,11,12.6,20.6,22,23.5,24.5,24.2,24.6,20.5,15.3,11.3,7.7
Bhola,2012,9.3,10.1,15.8,19.8,20.7,24.5,24.8,24.1,23.8,19.6,13.2,9.3,9.3
Bhola,2013,7.2,12.4,15,19.5,20,23.7,24.8,24.7,23.8,20.1,15.2,10.5,7.2
Bhola,2014,8.5,10.3,14.8,20.6,20.5,22.5,24.8,25,24,19.3,13.7,10.4,8.5
Khepupara,1985,12,12,17.5,17.7,20,23,23,23.8,23,20,15.5,12.5,12
Khepupara,1986,9,9,17.5,20,19.5,24,22.5,21.5,20.6,21.5,17.6,12.5,9
Khepupara,1987,10.5,13.5,16,19.5,19,23,22.5,24.5,24,20.5,16,12.5,10.5
Khepupara,1988,11,11,12,18.5,22.5,22,23.5,24.5,16.8,14.3,16.5,13.5,11
Khepupara,1989,9.2,12,15.1,21,21.5,23.5,23.5,24.6,22,22.4,17.1,10,9.2
Khepupara,1990,10.5,17,15.9,18,21.5,23.5,24.6,24.4,23.7,20,16.4,12.8,10.5
Khepupara,1991,10.6,14.4,19.8,20.5,22.2,23.5,24.5,24.5,24.2,22,14.5,10.6,10.6
Khepupara,1992,10,12.5,20,22.5,19.6,18.8,24,23.5,23.3,20.4,17,12.2,10
Khepupara,1993,9.5,12.6,15.5,19,19.1,18,23.8,24.1,24,20.2,16.4,13.6,9.5
Khepupara,1994,11,13,16.5,18.4,20,23,24.5,23,24.1,21.3,16.8,11.5,11
Khepupara,1995,10,11.5,16.8,23.2,25,23.5,24.2,24,24.3,21.5,15.4,13.2,10
Khepupara,1996,10.2,10.5,18.4,20,21.3,22.1,23.5,23,24,22.1,15.6,12.4,10.2
Khepupara,1997,9.6,11,18,18,21,22.3,24,24.4,24,20.3,18.3,12,9.6
Khepupara,1998,9.2,11.6,14.6,19.2,21,23.1,24.4,24.2,23.8,23.2,17.3,12.4,9.2
Khepupara,1999,10.8,11.8,16,20.6,21.8,22.4,24,23.5,23.7,22.6,15.2,13,10.8
Khepupara,2000,10.5,12.3,17.4,19,20,22.6,24.4,23.8,23.8,20.5,15.8,13.4,10.5
Khepupara,2001,8.7,12.4,16.5,20.8,20.6,23.8,23.5,25.4,23.5,21.6,18,13,8.7
Khepupara,2002,10.2,11,17.5,18.5,20.5,22.8,24.8,24.3,24.6,18.2,17.5,10.2,10.2
Khepupara,2003,8.7,13.2,14,21.4,22.2,23,24.5,25,24.8,23.5,14.1,11.6,8.7
Khepupara,2004,8.5,10.4,17,20,21.6,22.5,24,24,24,19.8,15,8.5,8.5
Khepupara,2005,9.5,9.6,19.3,20.5,20.5,24,23.8,24.5,23,22.8,14.9,11.8,9.5
Khepupara,2006,10.6,14.2,15.3,20.8,20.5,23.4,24,24,22.7,21.8,14.8,12.2,10.6
Khepupara,2007,10,13.4,14.5,18.4,22.6,23.9,22.2,23.8,24.4,19.5,17.4,11.4,10
Khepupara,2008,9.8,9.8,16.5,19.5,23,23.5,24.4,24.4,23.9,19,15.2,12,9.8
Khepupara,2009,9.2,12.9,16.8,21.6,21.4,23.7,24.3,24.4,23.7,20.4,14.4,9.2,9.2
Khepupara,2010,10.4,12.3,15.7,21.2,22.3,24,25,24.8,24.5,21.6,16.6,10.4,10.4
Khepupara,2011,8.4,12.1,13.3,20.6,21.9,23.2,23.7,24.5,24.6,20,15.4,10,8.4
Khepupara,2012,9,10,18,20.3,20.3,24,24.2,24.4,24.3,20,13.6,9,9
Khepupara,2013,7.7,7.7,12,14.5,22,23.2,20.3,23.5,19,21,16.2,11.2,7.7
Khepupara,2014,8.7,12,16,21.3,21.6,23.5,25.1,24.5,24.4,20,14.1,12.4,8.7
Patuakhali,1985,12.2,13.4,18.5,21.5,19.5,24.6,24,24.3,23.2,20,16,12.5,12.2
Patuakhali,1986,11.2,13.2,17.5,20,21,22.2,23,21,22,21,17.5,12,11.2
Patuakhali,1987,10.6,12.7,16.3,20,20.5,24.6,24.2,24.8,23.7,20.4,16,12.5,10.6
Patuakhali,1988,10.6,11.4,17.5,21,22.4,22.6,24.2,25,24.1,13,17.3,13,10.6
Patuakhali,1989,9.6,11.6,13,19.4,22.6,23.8,23.9,23.4,24,22,17.1,10.5,9.6
Patuakhali,1990,10.2,16.5,16,17.1,21.6,23.7,24.8,24.8,25,18.3,15.7,12.5,10.2
Patuakhali,1991,10.2,14,19,19.5,21.9,22.6,20,24.5,24,22,14.4,10.2,10.2
Patuakhali,1992,10.6,12.4,18.5,22.7,20.5,22.9,23.7,23.8,23.6,20.2,17.2,12.5,10.6
Patuakhali,1993,9.9,13.5,16.4,19.4,20,23,23.7,24.4,24,20.5,17.1,14,9.9
Patuakhali,1994,11,13.4,16,18.6,20.8,23.5,25,24.5,24.4,22.2,16.3,11,11
Patuakhali,1995,9.1,10.6,16.1,19.6,23.2,23.6,23.6,24.2,24.5,21,15.3,12.6,9.1
Patuakhali,1996,9.9,9.9,18.2,19.2,20,21.8,23.6,23.5,23.5,21.5,15.1,11.5,9.9
Patuakhali,1997,7.4,9.6,16.8,17.2,20.5,22,23.5,24.3,23,19.6,17.5,7.4,7.4
Patuakhali,1998,8.6,11.4,13.8,18,20.5,23.2,23,24,24.3,23.5,17.8,12.4,8.6
Patuakhali,1999,10.7,12.8,14.8,20,21.5,23,23.8,24,23.8,23.3,15.8,12.8,10.7
Patuakhali,2000,9.8,11.5,17,17.5,19.6,23.1,24.4,24.5,24.3,20,15.1,13,9.8
Patuakhali,2001,8.7,11.5,15,20,21,24,24,26,23.8,22.5,17.8,12,8.7
Patuakhali,2002,10.2,10.5,13,18.5,19.6,23.4,23.5,24,24,18.5,16.6,10.2,10.2
Patuakhali,2003,8.7,13.4,14,20.5,20,21.5,25.3,25,24.5,22.3,13.8,12,8.7
Patuakhali,2004,10,10.5,15.5,19.5,22.8,22.8,24.5,24.4,24,20.5,16.4,10,10
Patuakhali,2005,10.2,10.5,18.2,20,20.2,24.5,24,24.5,24,23.2,15,11.9,10.2
Patuakhali,2006,9.6,14,15.3,21.6,21.3,23.8,24.5,24.2,23.8,22.2,14.8,12.2,9.6
Patuakhali,2007,10,13.5,14.8,19,22.3,22.3,23.2,24.6,24,19.5,17.8,11.2,10
Patuakhali,2008,10,10,15.8,20,22.5,23.4,24.5,24.5,23.5,19,15.4,12,10
Patuakhali,2009,9.4,13,17,19.5,21.2,23.5,24.8,24.5,24.6,20.4,14.7,9.4,9.4
Patuakhali,2010,10.1,11.5,19.2,21.7,22.5,24,25,25.1,24.4,22,17,10.1,10.1
Patuakhali,2011,8.3,12,13.2,21.2,22.2,23,24.5,24.5,24,20,14.8,11,8.3
Patuakhali,2012,9.2,10.2,17.6,20,20.2,23.5,25,23.6,24.4,19.5,13.5,9.2,9.2
Patuakhali,2013,7.4,12.5,14.7,19.5,21.6,24.5,24.6,24.9,24.1,21,15.8,11.4,7.4
Patuakhali,2014,9.1,11.6,16,22,21,23.3,25.2,24.5,24,20.2,14.4,11.9,9.1
Chandpur,1985,10,11.5,14,18.9,14.5,23,23.4,23.5,24,19.1,14.4,10,10
Chandpur,1986,10.4,11.6,14,18,20.2,24,24,24,22.4,21.6,16.5,12.4,10.4
Chandpur,1987,10.2,12.7,15.4,19.6,19.4,24,23.6,23.9,24.5,19.9,16.3,12.2,10.2
Chandpur,1988,11.3,11.9,16.4,19,20.9,23.7,23.9,24.9,24.9,21.6,16.7,13.3,11.3
Chandpur,1989,8.6,11.3,13.9,19.8,23,23,24.7,24.5,23.7,21.4,16.2,11.5,8.6
Chandpur,1990,9.4,15,14.1,15.5,21.8,22.5,24.8,24.5,25,19.2,15.7,13.4,9.4
Chandpur,1991,9.6,13.5,18.4,19.3,21.4,22.7,25,24.6,24.1,21.1,14.9,10,9.6
Chandpur,1992,10.5,12.1,16.9,21.4,20,24.2,24.4,24.5,24,20.6,16,12.5,10.5
Chandpur,1993,9.3,12,15.5,19.5,20,22.5,24,25,23.5,21.8,17.5,14,9.3
Chandpur,1994,12,12,16.5,18.6,20.6,23,24.9,24.2,24.5,21.5,16,12.2,12
Chandpur,1995,9.5,12.2,16,20,23.3,23.7,24.2,24.1,24.5,22,16,12.8,9.5
Chandpur,1996,11.2,12.8,16.5,20,20,21.6,24,24.5,24.1,21,15,13.5,11.2
Chandpur,1997,10,10.5,18,17,21,23.5,24.6,25,22.5,20.2,18.5,13.1,10
Chandpur,1998,10,10,12.5,14.8,18.8,22,23,24.5,25.2,24.6,25.7,14,10
Chandpur,1999,12.5,12.5,17,20,20.5,22.8,24,24.6,22.9,21.8,16.7,14,12.5
Chandpur,2000,10.4,13.2,15.5,20,20.5,24,24.8,24.5,24,20,16.8,13.8,10.4
Chandpur,2001,10,12.8,16,20.5,20.5,24,24.4,25,24,23,18.2,12.9,10
Chandpur,2002,11.8,12,15.5,17.6,21,23,25,24.8,24.1,20.1,17,12.2,11.8
Chandpur,2003,9.2,14.1,14,20.1,21.1,22.6,25,25,25,23.8,15.6,13.9,9.2
Chandpur,2004,10.6,10.6,16.5,20.1,21.3,23.6,24.1,25,24.1,23,17,12.2,10.6
Chandpur,2005,11.1,13,18.6,20.6,21.4,25,22.2,25.3,24.1,22.7,17.3,14.1,11.1
Chandpur,2006,11.1,15.5,16.1,21.1,22.1,24.8,25.1,23.8,24.3,22.1,15,13.6,11.1
Chandpur,2007,10,13.6,15,17.6,22,22.5,23.1,25,24.5,20.1,17.6,12.1,10
Chandpur,2008,10.3,10.3,15.5,19.8,21.5,22.4,24.9,25.1,24.6,18.1,16.2,14,10.3
Chandpur,2009,10.5,12.1,16.5,19,20.2,22.6,23.6,24.5,24.8,21.1,14.6,10.5,10.5
Chandpur,2010,9,11.7,18.5,21.9,21.3,22.9,25.1,25.6,24.5,22.5,17.1,11.2,9
Chandpur,2011,7.6,12.1,14.8,20.1,20.3,24.1,24.5,24.5,24.5,22.3,16.2,11.1,7.6
Chandpur,2012,10.3,11.7,16.3,18.3,20.4,22.6,25.1,24.8,25.1,20.1,14.3,10.3,10.3
Chandpur,2013,7.2,13.4,15.8,19,19.7,21.1,25.3,25,24.3,21.1,16.5,11.5,7.2
Chandpur,2014,10.2,12.3,15.1,19.4,21.3,23.5,25,25.1,25.1,19.5,15.1,13,10.2
Ambagan(Ctg),1999,12.5,14,17,21.2,22,22,23.8,24,23.8,23.7,16.5,13.5,12.5
Ambagan(Ctg),2000,11.5,12.2,18.6,20,20.2,21.7,22.8,22.9,24.2,22,16.2,13.5,11.5
Ambagan(Ctg),2001,9.8,13,17.3,21.5,20.7,22.8,23,24.5,22.8,22.8,16.5,14.2,9.8
Ambagan(Ctg),2002,12.2,12.5,17,17.3,21,23,24,23.7,23.2,20.5,17.4,12.2,12.2
Ambagan(Ctg),2003,9.8,15,14,20.8,22.6,22.2,25,24.5,24.6,22,15.5,13.2,9.8
Ambagan(Ctg),2004,10.4,12,16.6,19.3,21.4,23,22.7,25,23.5,21.4,16.5,10.4,10.4
Ambagan(Ctg),2005,11.6,12.5,18,21.2,21.5,24.8,23.8,24.5,24.2,23,16.6,13.2,11.6
Ambagan(Ctg),2006,12.5,15,17.8,22.2,21.3,24,24.3,24.5,23.5,21.2,15,13,12.5
Ambagan(Ctg),2007,11,14.2,15,18.5,22.4,23.3,23.2,24.3,23.5,19.2,18.4,11.1,11
Ambagan(Ctg),2008,11.2,11.2,16.6,19.8,21,22.9,24,24,23,20.5,16,14.6,11.2
Ambagan(Ctg),2009,11.7,14.7,18.8,19.6,21.3,21.8,24.2,23.9,24.2,20.4,15.5,11.7,11.7
Ambagan(Ctg),2010,11.2,13.7,19.4,21.9,22,22.8,24.5,24.6,24.8,21.7,17.3,12.5,11.2
Ambagan(Ctg),2011,9.5,13.2,16.6,20.2,21.8,24,24,24,24,20.7,17.5,12,9.5
Ambagan(Ctg),2012,9.5,11.9,18.5,19,21.1,23,24.4,24.4,24.1,19.9,14.8,9.5,9.5
Ambagan(Ctg),2013,8.3,12,16.5,20,20.6,23.4,24.8,24,24,21.2,16,12.4,8.3
Ambagan(Ctg),2014,10.5,13.5,16.8,19.5,22.5,23.4,23.5,24.4,24,20.7,15.9,14,10.5
Patanga(Ctg),1985,12,12.5,18,19,18,22.5,23,23,23.5,19,16,13.6,12
Patanga(Ctg),1986,12,13.8,15,19,20,24.2,23.5,24,23.8,22,17,14,12
Patanga(Ctg),1987,11.2,14.4,16.5,19.5,19,23.3,24,21.8,23.8,19.8,16.9,13.4,11.2
Patanga(Ctg),1988,11.5,12.5,17.5,18.7,19.7,20,23.5,24.4,24,22,19.5,15.5,11.5
Patanga(Ctg),1989,10.2,12,15.3,20,22.2,23.5,24,24.2,23.3,20.5,12.3,12.3,10.2
Patanga(Ctg),1990,11.4,16.3,16,17.8,23,23.2,24.1,24,23.2,21.2,16.3,14.2,11.4
Patanga(Ctg),1991,11.2,11.2,14.3,19.2,22.8,23.6,24.5,24.4,23.6,21.4,15.7,11.5,11.2
Patanga(Ctg),1992,11.5,13.5,19.5,21.5,18.6,21.4,23.2,21.5,22.6,20.2,17,13.3,11.5
Patanga(Ctg),1993,10.7,13.2,16.2,18.4,20,22.2,22.7,23,22.4,20.8,16,13.4,10.7
Patanga(Ctg),1994,12.2,13.1,16,19,21.8,23.6,24.5,24,24.7,20.6,16.6,12.9,12.2
Patanga(Ctg),1995,9.6,11.7,17.1,16.5,24,24,24,24,24.4,23.7,17.2,14,9.6
Patanga(Ctg),1996,11.2,12,16.6,20.2,21.4,22.3,23,23.4,23.2,22.8,16.2,13.8,11.2
Patanga(Ctg),1997,10.5,11.4,17.5,17.7,21.4,22,24,24.6,22.3,20.4,16.5,11.5,10.5
Patanga(Ctg),1998,9.4,13,14.7,18.5,22,24.5,24,23.9,24.5,23.6,19.8,14.5,9.4
Patanga(Ctg),1999,12.8,12.8,16.8,20.7,20.8,22.7,23.4,24,24,23.4,17.2,14.5,12.8
Patanga(Ctg),2000,12,13,17,19.4,19.8,21.4,21.5,22.3,22,21.5,15.6,13,12
Patanga(Ctg),2001,9,11.6,14,22.5,21.2,22.8,23,24.5,22.8,22.8,16.5,14.2,9
Patanga(Ctg),2002,12.2,12.5,17.2,17.3,21,23,24,24,22.5,20.5,17.5,12.2,12.2
Patanga(Ctg),2008,11.8,11.8,17.6,20.5,22.1,24.2,24,24.2,23.4,20.6,17,14.5,11.8
Patanga(Ctg),2009,12.5,14,18.2,18.8,21.4,22.2,24,23.9,23.7,20.8,16,12.5,12.5
Patanga(Ctg),2010,11.6,12.7,19.4,23,22.5,22.5,24.2,24.1,24.5,22.8,18,13,11.6
Patanga(Ctg),2011,10.2,13.5,16,20.5,21.1,24,23.5,23,23.8,21.4,18,12.2,10.2
Patanga(Ctg),2012,9.9,13.4,19,18.7,20.1,22.8,24.2,24.5,24.2,20.2,14.8,9.9,9.9
Patanga(Ctg),2013,9,13.9,14.5,20,20.8,24,24.9,24.5,24,21.4,17.1,12.3,9
Patanga(Ctg),2014,11.8,13.6,17.1,20.2,22.5,23,23.3,24.5,23,21.3,16.5,14.4,11.8
Comilla,1985,10,12.3,16.9,20,19.4,22.2,23.8,23.3,22.8,18.3,12.7,10.4,10
Comilla,1986,10,11.9,11.1,18.3,18.9,23.3,23.3,22.9,21.4,20.6,15,11.5,10
Comilla,1987,9.4,10.4,16.1,19.2,18.5,24.2,25,23.6,23,20,15.5,10.5,9.4
Comilla,1988,10,11.5,14.8,19,20.9,23.4,24.2,24,24.2,20.6,17,12.8,10
Comilla,1989,7.6,11,13.4,19.5,21.4,22,24.5,24.5,24,20.5,13.5,9,7.6
Comilla,1990,7.5,14.5,13,16.5,20.5,23,24,24,22.5,17,13.5,12,7.5
Comilla,1991,8.4,13.5,13.6,18.5,20,22.4,24.5,23.5,23,20.5,11.8,9,8.4
Comilla,1992,9,12,17,18.5,18.5,21.5,24,24,23.5,18.2,13.3,9,9
Comilla,1993,6,12.7,14.8,17.5,20,23,23,24.8,23.8,19.5,15,11.4,6
Comilla,1994,8.2,11,14,18.3,21,23,23.5,24,22.5,19.5,13.8,8.2,8.2
Comilla,1995,6,10.5,13.8,16,21,22.4,23,22.6,24,21,14.2,10,6
Comilla,1996,9,10.2,14,19,19.8,21.8,23.3,24,24,20.5,12.6,10.5,9
Comilla,1997,8,9.5,17,15.4,20,22,23,23.5,21.2,18,14.6,9.6,8
Comilla,1998,7.3,10.5,12.6,16.4,20.2,23.3,23,24.5,24,21.6,17.5,10.7,7.3
Comilla,1999,10,11.6,15.5,19.6,21.8,22.5,24.2,24.3,24,22.5,14.6,11.3,10
Comilla,2000,8.6,11.6,15.5,19.6,19.5,24,24.2,23.1,23.6,20.5,13.7,10,8.6
Comilla,2001,7.5,11.3,15,19.5,20.3,23.6,24.6,24.5,24,22.4,15.4,11,7.5
Comilla,2002,9.8,10.6,15,17,20.5,23.5,24,23.8,24,18.5,14.8,10,9.8
Comilla,2003,6.8,13.8,12,17.8,20.4,21.6,24.5,24.4,23.8,21.4,11.8,10.4,6.8
Comilla,2004,7.8,9.5,14.8,18.4,18.8,22,22,24.4,23,21.2,15.2,7.8,7.8
Comilla,2005,9,10.5,16.5,19.3,18.8,22.7,24,24.2,23.4,21.5,14.4,9.8,9
Comilla,2006,8.9,13.8,15,18.5,20.6,21.6,24.4,23.6,23,21.2,13,10.6,8.9
Comilla,2007,8.3,12.5,13.5,16.6,21.5,22.7,23,24,24,19.4,17.5,10.8,8.3
Comilla,2008,8.5,8.5,15.6,18.2,20.7,22.6,24,24.5,22.6,18.8,14.5,12.2,8.5
Comilla,2009,8.7,11.2,15.6,19,19.8,23.2,23.8,23.7,23,19.8,13.2,8.7,8.7
Comilla,2010,8.6,10,17.2,20.8,21.3,22.9,24.4,25.4,23,20.8,16.2,10.3,8.6
Comilla,2011,7.7,12,13.5,19.4,21,23.4,23.4,23.8,24.5,20.4,15.8,10.3,7.7
Comilla,2012,8.8,9.8,16.2,17.6,20.5,22.2,24.8,24,24.5,19.2,12.9,8.8,8.8
Comilla,2013,5.3,12.9,15.2,19.2,19.2,23.8,24.8,24.6,24,20.7,15.1,10.2,5.3
Comilla,2014,9.6,11.3,14.2,18.5,21.4,23.6,24.8,24.5,25,19,14.5,10.2,9.6
Cox`s Bazar,1985,13.5,14,19.4,19.5,20.1,23,22.5,23.5,24,19,16,15.6,13.5
Cox`s Bazar,1986,12.5,14.4,17,20.8,21.7,23.9,23.3,24.4,23.8,22,18,15.3,12.5
Cox`s Bazar,1987,12.8,16,17.2,21.1,20,24.4,25,23.9,24.3,21.1,20,15,12.8
Cox`s Bazar,1988,14.4,14.5,19,21,22.3,22.5,24,24.5,24,22.3,20,15,14.4
Cox`s Bazar,1989,11.5,13,16.2,19.8,23,23.5,24,23,24,22,16.5,14,11.5
Cox`s Bazar,1990,11.8,15.5,15.5,17.8,23.2,24.5,23.6,24,24,21,17,14.8,11.8
Cox`s Bazar,1991,13,16,20,20.6,21.4,22.5,23.5,24,23.8,22.3,16.5,13,13
Cox`s Bazar,1992,11,14,19.5,22,20.4,22.5,23.5,23.5,23,20.8,17.2,11,11
Cox`s Bazar,1993,11.5,14.6,17.5,19.5,21,22.8,23,24,24,22,18,15,11.5
Cox`s Bazar,1994,12.6,15,17.6,20,22,24,24,24.4,24,20.5,16.3,12.6,12.6
Cox`s Bazar,1995,11,13,18,19.2,24,23.6,23.6,24.2,23.8,24,17.8,14.8,11
Cox`s Bazar,1996,13.5,14.5,17.5,20.4,21,22,23.5,23.2,23.4,22.5,16.6,13.5,13.5
Cox`s Bazar,1997,11,11,17,18,20.8,20,20,24,23,21,18,13.8,11
Cox`s Bazar,1998,12,14.8,15.5,19,22.5,24.2,24.5,24.5,24,23.5,21,15.2,12
Cox`s Bazar,1999,13.4,14,18.5,21.5,22,23,24,23.5,23.8,23.3,18,13.4,13.4
Cox`s Bazar,2000,13,13.5,18.3,20,21.5,23,18.5,23,23.5,22.5,17.5,14,13
Cox`s Bazar,2001,12.2,12.8,17.4,23,20.5,22.5,24,24,23.5,22.5,17.3,15,12.2
Cox`s Bazar,2002,13.2,13.3,18.8,19.5,21.6,24.5,24,24,24,21.2,18,13.2,13.2
Cox`s Bazar,2003,11.1,15.6,15.5,21.8,20.5,22.5,24.8,24,24.2,23,16.2,13.4,11.1
Cox`s Bazar,2004,13.4,13.4,17,20,22,23,21,24.6,24.4,23,17.3,13.5,13.4
Cox`s Bazar,2005,13.5,14.6,19.4,22,21.8,24,24.5,23.5,23.8,23.4,17.5,15,13.5
Cox`s Bazar,2006,12.2,15.3,18,22.5,22.2,23.4,24.3,24,23.3,22,16.5,12.2,12.2
Cox`s Bazar,2007,12.5,15.2,17,19.2,23,23.8,23.2,24,22.6,21.4,18.6,13.4,12.5
Cox`s Bazar,2008,12.3,12.3,17.5,21.1,20.2,23.3,23.4,24,23.5,22.6,17.3,14,12.3
Cox`s Bazar,2009,13,14.2,19,19,21.5,22.5,24,23.5,23.6,22,15.5,13,13
Cox`s Bazar,2010,13.5,13.8,20,24,22.5,23.4,24.2,24.5,23.8,23.4,17.8,14,13.5
Cox`s Bazar,2011,11,14.5,17.5,21.4,22,23.5,24.5,23.7,23,21,17.4,13.5,11
Cox`s Bazar,2012,11,13,18.4,19,22.5,22,24,23.8,24.2,20.5,15.5,11,11
Cox`s Bazar,2013,10.3,14.5,17,20.2,21,24.2,24,23.5,24.4,22,16.5,12.4,10.3
Cox`s Bazar,2014,12.4,15,18.8,24.3,24,24,24.5,24.5,24.3,22.5,17,15,12.4
Feni,1985,10.1,12.1,17.6,18.6,18.6,20.3,23.3,23.6,22.6,18.3,13.6,11.6,10.1
Feni,1986,10.1,11.1,13.1,18.1,19,23.5,23.1,23.3,22,21.1,16,12.5,10.1
Feni,1987,9,13,15.5,16,18.4,20,23,22.5,21.5,19.1,15.6,11.1,9
Feni,1988,8.6,12,17.1,19.6,20.6,23.1,24.1,23.7,22.5,20.7,16.6,13.3,8.6
Feni,1989,8.1,11.5,13.9,20.6,22.1,23.5,24.3,24.3,23.8,21.2,14.5,9.1,8.1
Feni,1990,8.7,14.8,14.3,10.5,21,23.5,24.1,24.1,24,18.5,15.1,13.1,8.7
Feni,1991,8.5,13.5,17,18.8,19.5,21.5,22.6,21.7,22.6,18,13.4,8.5,8.5
Feni,1992,8.7,12.1,21.1,20,19.5,22.6,23,23,23,18.9,14.7,10.8,8.7
Feni,1993,7.9,13,14,18.5,19,22.1,21.7,23,22.5,19.9,15,12.2,7.9
Feni,1994,8,11.8,13.5,17.5,8,22.8,23.5,22.7,23.1,20,15,10,8
Feni,1995,7.1,11,14.4,16.1,21.8,22.8,22.3,23,23.7,22.1,16.1,11.8,7.1
Feni,1996,10.2,10.5,16,19.5,19.4,21.1,24.2,23.6,23.7,21.2,14.1,12.1,10.2
Feni,1997,8.5,9.6,17.6,15.6,21.5,22.4,24.2,24.5,22.3,18.8,16.2,10.2,8.5
Feni,1998,8.5,11,13.7,18.1,21,23.4,23.9,24.5,24.5,22.6,17.5,12.6,8.5
Feni,1999,11.1,11.5,15.5,19.8,20,22,23.5,24.2,22.8,22.7,14.6,11.7,11.1
Feni,2000,9.7,11.5,17.8,19.3,19.5,23.6,24.1,23,21.7,20.7,15.3,12.9,9.7
Feni,2001,9,12.4,14.9,20.1,20.2,24,24,24.4,24,22.5,16.2,11.8,9
Feni,2002,10.6,10.7,15.8,17.2,19.3,21.9,23.6,24,23,20.2,15.8,11.7,10.6
Feni,2003,8.5,14.8,12.8,20,20.7,21.8,25.1,25,24.5,22.2,14.1,12,8.5
Feni,2004,9,10.2,15.5,19,20.2,22.5,22.8,24.5,23.1,20.9,15.3,10,9
Feni,2005,10.8,10.8,11,17.6,20.6,24.6,24.5,24.6,23.8,23,15.6,13,10.8
Feni,2006,10.1,14.4,14.8,20,21.2,24.3,24.6,24.9,21.6,22,13.3,11,10.1
Feni,2007,9,13,14.4,16.7,21.4,23.8,23.5,24.5,24.1,19.6,18.5,11.2,9
Feni,2008,9.6,9.6,16.1,19,21.1,23.5,24.3,24.7,23.6,19.4,14.8,13,9.6
Feni,2009,9.9,11.9,16.8,19.4,19.9,22.3,24.4,24,22.9,20,14.2,9.9,9.9
Feni,2010,8.4,10.5,18.5,21.4,21.4,22.2,24.8,25,24,20.8,16.5,11.2,8.4
Feni,2011,8.3,12.6,13.6,19.9,20.4,23.6,23.6,23,23,21,16.3,9.8,8.3
Feni,2012,7.8,10.4,17,17.8,21.5,22.3,23.5,24,24.1,18.9,13,7.8,7.8
Feni,2013,6.1,12.4,14.6,19.2,19.2,24,23.9,24,24.2,20.5,14.8,9.8,6.1
Feni,2014,10,11.6,14,20.2,21.6,23.5,23.5,23,24.5,19,14.6,11,10
Hatia,1985,11.6,12.8,18.4,17.5,17.8,22.5,22.5,22,22.5,17.6,14.6,13,11.6
Hatia,1986,11.9,12.3,16.6,20,21,24,23.5,23.6,22.3,19.6,17.5,13,11.9
Hatia,1987,11.7,13,16.4,20.2,21,24.5,24,22.6,24.4,20.8,17,13.5,11.7
Hatia,1988,12.5,14,17.2,20.6,21.2,22.5,23.5,24.1,23,21.8,19.4,12.5,12.5
Hatia,1989,11,12.4,14,20,23.5,23.2,22.7,24.3,24,23.2,16.4,11.9,11
Hatia,1990,9,15.4,15,19,21.5,24.4,24.8,24.2,24.4,20,16,14.7,9
Hatia,1991,11.5,14.4,20.4,19.8,21.7,23.2,24.2,24,24.4,22.6,16.1,11.8,11.5
Hatia,1992,11.2,14.7,20,12.6,18.8,23.1,24.2,24.6,23.4,21.2,18.7,14.4,11.2
Hatia,1993,10.7,14.6,17.5,19.4,19.5,22.2,23,22.5,22.5,22.8,17.3,15,10.7
Hatia,2000,10.8,12,16.6,18.7,20,23.1,24.3,23,22,19.5,14.8,13.2,10.8
Hatia,2001,9.2,11.8,15.2,20.3,21,22.8,22.6,22.6,23.4,22.3,17.3,13.4,9.2
Hatia,2002,10,10,16,18.5,21.5,22,23,22.3,22.6,19.2,16.5,12.3,10
Hatia,2003,9,13.6,13.3,20.3,22,22.2,24.5,24.4,23.8,24,14.4,12.8,9
Hatia,2004,9.8,9.8,15.8,20,21.5,22,22.1,23.8,22.7,21.6,14.7,10.5,9.8
Hatia,2005,10,10,17.2,20.7,20.8,22.8,24,23.5,23.8,22.5,16.2,12.6,10
Hatia,2006,10.5,14.9,15.4,20.7,21.6,23.5,23.8,23.5,23.3,22.2,14.8,11.9,10.5
Hatia,2007,10,14,14.7,18.6,22.5,21.5,23.4,23.9,24.4,20.5,15.8,11.5,10
Hatia,2008,10.2,10.2,15,19.8,22.3,24.2,22.2,24.5,23.3,20.3,14.9,12.9,10.2
Hatia,2009,10.4,13.1,17.8,20,21.2,23.1,24.5,24.2,24.5,20.6,14.6,10.4,10.4
Hatia,2010,9,11,19.2,22.5,22.5,21.7,24.2,24.1,24,22,17,11.5,9
Hatia,2011,6.5,12.4,15.5,21.1,21.4,22.5,24,21.3,24.5,20.6,16.8,11.3,6.5
Hatia,2012,9.9,12,16.5,19.5,19.6,23.6,24,24.4,24.4,20.2,13.4,9.9,9.9
Hatia,2013,7.8,12.9,15,20,20.7,23.4,23.4,23.4,23.4,20.5,16,11.1,7.8
Hatia,2014,9.9,12.3,15,19.8,21.4,23.8,24,23.8,24.3,20.5,15,11.8,9.9
Kutubdia,1985,13.7,14.3,18,19.5,19.4,23.6,22.7,22.5,24,19,16.3,13.7,13.7
Kutubdia,1986,12.7,15,17.4,21,22.5,24,23.5,24.6,23.7,21.5,18,15,12.7
Kutubdia,1987,12,15,18.2,20.8,21.2,24.5,24.2,24.2,24.2,20.2,18,14,12
Kutubdia,1988,13.2,15,18.9,21.2,22.2,23,24.4,23.9,24.4,22.7,19.7,15,13.2
Kutubdia,1989,11,12.4,15.7,18.9,23.5,24.2,24.2,23.3,24,22.4,16.2,13,11
Kutubdia,1990,11.8,16.4,16,18.5,24,24.4,24,24.5,24,20.6,16.4,14.4,11.8
Kutubdia,1991,10.2,14.2,20,20,25,22.2,20,23.5,24.4,21.5,16.2,12,10.2
Kutubdia,1992,12,12.6,20.5,22.3,19.5,22.5,23.8,24,23.7,20,18.2,13.5,12
Kutubdia,1993,12,14,12.6,19.4,20.4,21,20.8,24.2,21.7,21.4,17.7,15.2,12
Kutubdia,1994,5.4,13.7,17,5.4,18.6,23.2,23,24,23.7,20.2,16.7,13.2,5.4
Kutubdia,1995,10.2,13,16.2,18.2,24.8,21.8,24,24.1,23.3,21,18.2,13.7,10.2
Kutubdia,1996,12.7,13,16.2,20.7,21.2,19.2,22.3,23.4,22.2,22,17,13.2,12.7
Kutubdia,1997,11,13.2,16.6,18.2,18.8,18.2,22.7,24.2,23.8,20.6,17,13,11
Kutubdia,1998,12.2,14,15.6,20.2,22.7,21.8,24,24.6,24,24.5,20.4,15.4,12.2
Kutubdia,1999,10.2,15.4,17.7,22,22.2,22.6,24.4,24.4,23.4,23.9,17.7,10.2,10.2
Kutubdia,2000,13.2,13.2,18.2,21,21.4,22.1,22.8,22.8,22.8,22.6,17.2,13.6,13.2
Kutubdia,2001,11.5,13,16.4,22.2,20.7,23.5,24.2,23.7,23.7,24.2,17.7,14.2,11.5
Kutubdia,2002,10.2,12.5,10.2,17.7,18.5,22.2,24.7,25,24.5,24.7,21.2,13.7,10.2
Kutubdia,2003,10.5,15.6,15.9,23.5,21.2,21.4,24.2,23.5,24.6,23.7,16.4,14,10.5
Kutubdia,2004,12.5,12.8,17.7,20,22.4,22.8,23.5,25,23.8,22.7,17,12.8,12.5
Kutubdia,2005,13.4,14.6,19,21.6,21.2,24.6,24,24.7,24.3,23.4,17,14.4,13.4
Kutubdia,2006,6.2,15.1,18.6,22.6,22,23.9,24.5,6.2,23.6,22.9,15.6,14.6,6.2
Kutubdia,2007,12.2,12.2,14.7,16.9,19,22.7,24.1,23.7,24.5,23.8,20.3,19.1,12.2
Kutubdia,2008,11.7,11.7,17.7,20.3,21.3,24,24.3,24.6,23.7,21.9,17.2,15.2,11.7
Kutubdia,2009,12.2,12.2,19.4,19.2,21.8,22.6,24.5,24,24.2,21.5,15.6,12.8,12.2
Kutubdia,2010,12.7,13.5,20.4,24.1,23.2,24,24.6,25,24.5,23.4,17.4,13.6,12.7
Kutubdia,2011,10.6,14.1,17.2,21.3,22.5,24.4,24.4,24.6,24.1,21.5,17.5,13.5,10.6
Kutubdia,2012,10.4,13.4,19.8,19,22,23.4,24,24.4,24.6,21.2,14.5,11.2,10.4
Kutubdia,2013,10,14.5,17.4,20.2,20.5,24,22.5,23.6,23,21.2,15.2,12.6,10
Kutubdia,2014,13,14,17,21.5,23,24,24,25,24,21.6,17,15,13
Maijdi Court,1985,11,11.5,17.2,18.9,18.6,18,17.2,23.9,23.8,20.3,15.6,11.1,11
Maijdi Court,1986,10.6,11.1,15,18.6,19.7,23.3,22.8,23.3,22.2,21.7,17.5,13.3,10.6
Maijdi Court,1987,11,13.1,15.6,19.3,19,24,23.4,22.9,23.3,21,17.8,13.5,11
Maijdi Court,1989,9,11.2,13.4,20.2,22.3,23.6,23.8,24.5,24,22.7,17,11,9
Maijdi Court,1990,10.6,16,14.4,16.7,21,24,25,24.7,21.2,20.4,16.2,14.5,10.6
Maijdi Court,1991,10.8,14.1,12,14.5,21,22.8,24.4,23.9,24.4,21.6,16.2,11,10.8
Maijdi Court,1992,10.6,13.3,19.4,22.2,20.5,23.8,23.6,23.1,22.7,20.5,10.6,12.8,10.6
Maijdi Court,1993,9.3,12.6,14.6,20,20,23.3,23.3,24.7,23.6,22.6,18.3,14.2,9.3
Maijdi Court,1994,11.2,11.7,15.5,18.4,21.1,24,25,24.7,24.8,22.2,17,11.2,11.2
Maijdi Court,1995,12.2,12.2,14.4,19,22.2,20.9,24.2,24,24.7,23.7,16.7,13.1,12.2
Maijdi Court,1996,11.2,12.2,17,19.8,21.1,21.1,23,24.1,24.4,22.2,16.3,13.8,11.2
Maijdi Court,1997,10,10,16.8,17,21.1,21.3,24.6,25,22.8,21.3,18.7,12.4,10
Maijdi Court,1998,10.1,12.8,13.9,18.3,21.2,23.9,24,23.9,23.1,22.7,19.4,13.8,10.1
Maijdi Court,1999,12.7,13.2,16.2,19.4,21.1,22.3,23.9,24.6,23.8,23.3,17.6,14.3,12.7
Maijdi Court,2000,11.1,11.6,16.6,20,20,23.9,22.2,23.8,23.4,20,15.8,14,11.1
Maijdi Court,2001,10.4,12.2,15.6,20.5,21.1,23.9,24.4,22.9,24.4,22.7,18.6,14.4,10.4
Maijdi Court,2002,12.2,12.2,16.6,18.2,20,23.8,19.8,23.8,23.8,21.5,18.2,12.7,12.2
Maijdi Court,2003,9.5,14.3,13,19.5,21.2,22.1,24.7,25.2,24.3,22.5,16.4,13.3,9.5
Maijdi Court,2004,11,11.2,16.4,19.4,21,22.6,22,24.4,22,22.7,16.7,11,11
Maijdi Court,2005,11.9,12.8,18.6,20,20.4,24.1,23.9,23.9,23.9,22.2,17.8,13.9,11.9
Maijdi Court,2006,11.7,15.6,16.1,21.1,21.1,23.8,25.2,24,22.4,20,15.4,11.7,11.7
Maijdi Court,2007,11,13.4,14.8,17.6,21,21.1,23.2,24,23.8,20,18.3,12.5,11
Maijdi Court,2008,10.3,10.3,15.6,19,21,23,23,23.8,24,19.5,17,14.5,10.3
Maijdi Court,2009,11.8,13.5,16.8,19,21.2,23.6,24.3,24.8,24,22,16.2,11.8,11.8
Maijdi Court,2010,10.8,12,18.8,22.4,21.5,22.8,24.8,25,24.5,23.1,16.8,12.4,10.8
Maijdi Court,2011,9.2,13.8,15,20.5,21.5,23.6,23.8,24.5,24.6,22.2,18,12,9.2
Maijdi Court,2012,10.5,12,17.5,19,21,22.8,25,25,25,21.4,15.4,10.5,10.5
Maijdi Court,2013,8.5,14,15,20,19.6,24.5,24.8,25,24.2,21.8,17.6,12.2,8.5
Maijdi Court,2014,11.5,11.5,26.4,20,21.5,23.4,24,25,25,20,16.8,12.8,11.5
Rangamati,1985,12,12,17,20,19,21,22.2,22.5,21.5,20.5,17,13.3,12
Rangamati,1986,12.5,13.8,17,16.6,20,22.5,20.5,23.5,23.5,21,16,13,12.5
Rangamati,1987,9.5,13,15,19,19.5,23,23.5,23,23.5,18.8,16.5,13,9.5
Rangamati,1988,10,12,16,19.5,21,22.5,23.5,23,23.5,21.5,18,14.5,10
Rangamati,1989,8.5,10.3,12,19.5,21.5,23,22.6,23.5,23.4,21.5,15.5,10.3,8.5
Rangamati,1990,9.6,14,13.5,15.9,21.3,23.2,23.9,23.5,23.5,18.8,13.5,13,9.6
Rangamati,1991,7.4,11,16,19,20.2,23.6,7.4,24,23,19.5,14.5,10,7.4
Rangamati,1992,10,10,17.6,19,19,22.5,23,22.7,21,19,16,11.5,10
Rangamati,1993,7,7,9.5,11,14,18.5,22.5,21,21.5,21.6,20.3,19.4,7
Rangamati,1994,10.5,10.5,14.4,18,20.6,23,23.6,23.8,22.5,19.7,15.6,10.7,10.5
Rangamati,1995,7,10.6,13.3,18.4,21.6,23,22.4,23.5,23.5,22.3,16,11.5,7
Rangamati,1996,8.2,10,13.8,19,20.4,21.4,22,22,22.4,20,14.5,12.5,8.2
Rangamati,1997,7.8,7.8,15.2,15,20,19.7,23,22.4,22,19.3,15,12.2,7.8
Rangamati,1998,10,10.4,14,16.9,19.4,23.4,23.4,23.5,23.4,22.8,19.4,13,10
Rangamati,1999,11,11.8,15,20,20.4,21,23.5,23.8,22.5,22.5,15,12.5,11
Rangamati,2000,9.5,10.5,15.6,19.8,19,22.1,23,22.5,23.5,22.4,16,12.3,9.5
Rangamati,2001,7.6,11,13.7,20.6,20,22,22.8,24,23,23,15,13.4,7.6
Rangamati,2002,9.4,10,14.2,17,21,23,23.2,23.5,23.3,19.5,15.5,10.2,9.4
Rangamati,2003,8.2,12.5,12,19,21.2,22,24.2,24,23.7,23,14.3,11.5,8.2
Rangamati,2004,9,9.2,15.4,18.4,19.8,22.4,22.3,23.5,23,20.5,16,9,9
Rangamati,2005,10.4,11,16.7,19.6,20.3,22.8,23.4,24.2,23.8,22.3,15.5,11.5,10.4
Rangamati,2006,9.6,13.2,16.5,19.8,20,22.2,23.5,23.6,22.8,20.7,12.4,11.4,9.6
Rangamati,2007,8.2,10.8,12,17,21,23,22.7,23.4,23.8,17.7,17.2,10.2,8.2
Rangamati,2008,7.8,7.8,15,18,21.2,23.4,23.4,23,23.3,19.7,14.5,12.4,7.8
Rangamati,2009,9.6,10.4,14.6,19,20,22.2,23.8,23,23.6,18.8,14.4,10.2,9.6
Rangamati,2010,9.2,9.2,15.5,19.6,21,21.8,24.3,24.5,23.4,20,15.2,10.4,9.2
Rangamati,2011,7.8,11.6,14.3,17.6,20,21.7,22.5,21.5,22,19.8,13.8,12,7.8
Rangamati,2012,6.5,8.6,15,17,18,22,22.5,21,23.6,19.3,13.2,9.5,6.5
Rangamati,2013,5.5,11,12.5,17,19.6,22.5,24,24,22,20,14.5,8.5,5.5
Rangamati,2014,9,10.5,13.5,20.5,21.5,23.2,24.5,24.1,22.8,19.8,15,12.5,9
Sandwip,1985,12.5,14,18,18.5,15,23.2,23.5,24,24,20.5,17,14,12.5
Sandwip,1986,13,14,17,19,21,24,24,24,24,23,18,15,13
Sandwip,1987,11,15,17,20.2,20,24.5,24.5,22,24,21,17,14.1,11
Sandwip,1988,13,13.5,18,21,20.5,23,24,24,23.8,22,18,14.2,13
Sandwip,1989,11,12,14.4,20.1,22.7,23.5,23.2,24.1,24,22.2,16,13.8,11
Sandwip,1990,10.5,16,15.3,18,22.5,24,24,23.5,24,20,15.6,14.1,10.5
Sandwip,1991,10.5,10.5,13,18,22,20.2,25.1,24.1,24.5,21.3,15.6,11.6,10.5
Sandwip,1992,11.9,13.9,22.3,24.6,19.6,23.6,23.9,24.5,24.1,21.1,17.9,13.4,11.9
Sandwip,1993,10.6,13.6,17.1,19.1,21.1,23.1,23.9,24.6,23.9,22.1,17.6,15.1,10.6
Sandwip,1994,9.1,14.1,16.8,19.9,21.6,23.1,25.1,24.6,24.1,22.1,9.1,13.1,9.1
Sandwip,1995,10.6,12.6,17.1,18.8,22.4,24.1,24.1,24.1,25.1,23.9,12.6,14.1,10.6
Sandwip,1996,12.6,14.1,18.1,20.9,21.1,20.1,23.6,23.1,24.9,21.3,16.1,12.6,12.6
Sandwip,1997,11.6,11.6,15.6,18.1,20.1,21.6,22.6,22.6,23.1,20.6,17.1,11.6,11.6
Sandwip,1998,8.6,12.1,13.9,17.6,18.6,23.5,22.9,22.1,24.5,23.1,21.1,15.1,8.6
Sandwip,1999,11.5,16,17.2,20.6,21.8,23.6,23.9,24.6,23.6,23.6,17.1,14.7,11.5
Sandwip,2001,9.9,10,17.8,22,24,23.7,23.5,21,20,22.1,16.8,12.5,9.9
Sandwip,2005,10.1,11.6,16.1,19.6,20.1,23.7,23.7,23.4,21.8,22.6,14.6,10.1,10.1
Sandwip,2006,9.7,12.8,15.1,20.1,21.7,20.8,22.5,22.7,23.1,23,13.7,12.1,9.7
Sandwip,2007,9.3,12.6,14,18.1,19.6,22.7,23.5,23.6,23.5,19.7,17.1,11,9.3
Sandwip,2008,9,9,16.3,18.7,21,22.2,22.2,22.6,22.1,18.9,13.2,12.3,9
Sandwip,2009,10.2,12.6,16.5,19.3,21.4,22.2,24,23.6,23.5,20.5,14.2,10.2,10.2
Sandwip,2010,10,10.4,18.3,22.5,22.4,22.5,24.2,23.4,24.3,21.2,16.2,10.7,10
Sandwip,2011,7.4,11.9,13,20.3,21.6,23.9,23.1,23.7,24,20.4,16.2,11.1,7.4
Sandwip,2012,9.5,9.5,10.6,17.1,19,20.8,22.4,24.5,23.9,24.5,19.8,13.3,9.5
Sandwip,2013,7.4,12.4,14.1,18.5,20,22.5,24.4,23.9,23.7,21,15.6,11.6,7.4
Sandwip,2014,10.7,11.4,14.8,21.8,21.5,22.6,23.6,24.6,23.8,20.5,15.3,13.5,10.7
Sitakunda,1985,10,10.5,17.2,19,19,24,23.5,24,24.5,17.4,13.4,10,10
Sitakunda,1986,10,10,14.5,20,20.5,24.5,23.6,24.5,23.6,21,15,11.5,10
Sitakunda,1987,9.5,12.6,14,20,19,24.5,24.5,23.5,21.5,19.2,15,11.5,9.5
Sitakunda,1988,9.5,12,16,20,21,23,24,24.4,23.5,20,15.5,12,9.5
Sitakunda,1989,6.6,9.2,11.6,20.2,22,23.8,23.5,23.6,24.2,22,13.5,10,6.6
Sitakunda,1990,8,14,13.8,16,21.5,22.8,24.2,24,24,18.5,14.2,12.8,8
Sitakunda,1991,8.5,12,16.5,19.7,20.6,22.5,24.5,24,23.5,19.5,12.5,8.8,8.5
Sitakunda,1992,8.4,10.8,20.2,21.5,20.3,22,24,24.2,23,18.2,14.5,9.5,8.4
Sitakunda,1993,7.2,11.8,14.4,17.5,19.8,22.8,23.3,21,23.6,20.3,13.6,11.4,7.2
Sitakunda,1994,8.1,10,10.5,18.5,21,23.5,24.8,24.2,22.6,20,13.5,9.2,8.1
Sitakunda,1995,6,9,12.8,17.8,21.4,23,23.2,24,24.4,22.4,15.2,11.3,6
Sitakunda,1996,8.8,9.8,14.2,19.6,20.5,23,23.6,23.2,23.5,20.8,13.5,10.5,8.8
Sitakunda,1997,6.5,6.5,15,17,19.8,21.6,23.8,24,21.4,18.8,15,8.8,6.5
Sitakunda,1998,6.8,9.2,12.2,18.3,20.3,22.2,23.6,24,22.8,22.3,17,11,6.8
Sitakunda,1999,8.8,8.8,12.5,19.3,20.3,21.8,23.3,24,23.8,22.3,13.8,10.3,8.8
Sitakunda,2000,8.5,9,15.2,19.6,19.3,22.3,23.4,22.8,22.3,21.4,14.8,11,8.5
Sitakunda,2001,6.9,9,13.7,20.2,19.8,23.2,23.8,24,23.2,22.4,15.3,11,6.9
Sitakunda,2002,9.1,9.1,13.3,16.7,20.5,22,24,24,23.7,18.7,15.3,10.2,9.1
Sitakunda,2003,6.5,12.6,12,20.2,20.4,22,24.7,24.2,24.3,22.3,12.7,10.4,6.5
Sitakunda,2004,7.9,9.7,13.2,18.8,20.8,22.2,23,24.6,23.4,20.1,14.7,7.9,7.9
Sitakunda,2005,9.2,9.4,17,19.2,20,23.9,23.8,24.3,23.3,22.9,13.5,9.8,9.2
Sitakunda,2006,9,11.5,13.4,21.4,20.2,24.1,24.3,24.1,23.2,21.4,12.2,10.5,9
Sitakunda,2007,8.1,12.2,11.8,17.8,22.1,21.8,23.5,24.4,24.1,17.9,15.5,9.6,8.1
Sitakunda,2008,6.7,6.7,14.4,17,20.6,23,23.9,24.2,23.2,18.8,13,12.1,6.7
Sitakunda,2010,7.5,9.3,17.1,22.1,20.7,21.8,24.7,24.8,24.1,20.8,14.6,9.7,7.5
Sitakunda,2011,6.3,10,13.5,17.8,21.2,23.9,23.8,23.6,23.6,18.8,14.7,9.3,6.3
Sitakunda,2012,5.7,8.4,14.2,18.9,19.5,21,24.5,23.5,24.3,17.8,11.7,5.7,5.7
Sitakunda,2013,5.7,11,13.7,18.3,20.2,23.7,24.8,24.4,24.1,19.8,13.4,8.3,5.7
Sitakunda,2014,7.7,9.8,14,20.1,22,23.2,24.1,24.4,24.3,19,13.5,11,7.7
Teknaf,1985,12.4,12.5,17.7,21,19.5,23.6,22.5,23,23.4,19,16,14.5,12.4
Teknaf,1986,13,14.7,16.5,20.6,21.8,23,22.4,24,23.5,21,16.4,14,13
Teknaf,1987,11.4,13.5,17,17.5,20,24,23,23,23.5,20.5,19,14.5,11.4
Teknaf,1988,11,11,15.5,20,20.5,21.2,23.5,24.4,23.5,18.6,16.8,15,11
Teknaf,1989,11,12.2,15.4,20.5,21.5,22.5,23,21.6,23,22.5,16.2,13.5,11
Teknaf,1990,13,15.8,17.2,18.5,23.5,24.5,24,23.5,24.5,21.3,17.1,14.5,13
Teknaf,1991,12.5,13,19,21,22.1,23.5,24.5,24.5,22.6,23,15.2,12.5,12.5
Teknaf,1992,12.4,15.3,18.6,21.8,17.7,22.5,23.8,23.4,24,19.4,18.4,14.2,12.4
Teknaf,1993,12,13,14.5,19.2,21,22.5,23.7,22.7,24,20,17.7,14,12
Teknaf,1994,10.6,10.6,12.6,17,20,26.2,24,24,19,24.7,18,11.6,10.6
Teknaf,1995,10.5,11.8,18,18.2,24.7,23.6,24.3,24.3,23.8,24.2,17.5,14,10.5
Teknaf,1996,11.8,11.8,15,17.7,22,22,24.2,23.8,23.5,21.8,16.5,11.8,11.8
Teknaf,1997,11.3,13,15.5,19.1,20.3,23.4,24.5,24.6,23,21,18.2,12.5,11.3
Teknaf,1998,10.6,12.8,16.1,20,22.8,23.2,24,24.4,24.2,24.2,20.8,14.5,10.6
Teknaf,1999,13,13.3,16.3,22.5,23,24,23.2,23.8,21.5,23.5,17,14,13
Teknaf,2000,11.5,12,17,20,20,24,23.6,24,21.6,23.5,18.2,13.5,11.5
Teknaf,2001,11.3,13.7,16.5,16.2,21.2,23.7,23.3,24.5,23.6,22.5,16.5,13.2,11.3
Teknaf,2002,10,10,16.2,19.5,22,24,24,24.3,23.5,21.2,18.2,13.4,10
Teknaf,2003,11.3,14,14.5,22,22,22.4,24.5,24,24.4,24.2,15.3,14,11.3
Teknaf,2004,10.9,11,17.5,19,21.9,22.7,24,24,24.5,22.4,16.7,11.9,10.9
Teknaf,2005,11.4,12,18.5,21.2,21.5,24,23.6,24.2,23.8,23.8,16.6,12.6,11.4
Teknaf,2006,11.3,13,19,21.5,22.6,24,24,23,23.4,23.6,14.6,13.6,11.3
Teknaf,2007,11.5,15,16.2,19.6,23.1,24,23.8,24,23.8,19.9,18.8,13,11.5
Teknaf,2008,11.5,11.5,15.8,20.4,20.3,21.2,24.2,24.1,23.8,22.5,16.6,13.5,11.5
Teknaf,2009,12.3,13.4,17.6,21,22.8,21.3,24.2,24,24.2,20.5,16.7,12.4,12.3
Teknaf,2010,11.8,13,17,24.7,22.7,23,24.2,24.2,24,24,17,11.8,11.8
Teknaf,2011,10.5,12.7,14.8,20.8,22.9,24,24,24,24,21.5,16,12.1,10.5
Teknaf,2012,11.5,11.5,17.7,19.5,22.2,23.4,23,23.5,22.5,19.5,14.5,13.4,11.5
Teknaf,2013,10.6,12.6,15.3,21.3,21.5,23,23.5,23.7,24.5,22.4,16.4,11.5,10.6
Teknaf,2014,9.7,12.9,13.5,22,24,24,24,23.4,24.2,21.4,15.8,13.4,9.7
